title,price,data,url
NOW 그레인프리 스몰브리드 어덜트,"19,250원","급여대상 : 어덜트|주원료 : 오리, 칠면조, 연어|등급 : 그레인프리|기능 : 냄새제거, 면역력강화, 소화/장기능개선, 식욕증진(기호성), 항산화|입자크기 : 보통 8~13mm|단단한 정도 : 하드",https://cr.shopping.naver.com/adcr.nhn?x=x8NawyiquDeHM%2FXm5s3fmv%2F%2F%2Fw%3D%3Ds%2FL7ghVxtoat26621rKmVz5tm6r6EOvuCzzZTwzohr%2F5PdRzgwdof5iO4lixtGQo5u9bp3PMiohBJS93LITuEgzRW%2Bs6b6w0rbijbehKhUvq54J8UO7LDGXdPU9Do8oyM%2BUMsZr7MfVU%2B4cFbJufs9aijMnXknskdaBDiw3XnAkE1Js4NswjwVBtM3zsMvXNBHQS3ZPaLl69XPdMcnFIZS8OmY27ZGze0Q%2BtXRlM4OxtvQ%2BYXXK17juKHL1QmK8ZABlefal%2FVE63mZVwTkdKFvuog5yOKmz2vqX64rPUsGGnxP0XKaKkXV3EBNOC5ytHeRmZRx%2F4Muh68gRUQerYEJXJbeZ%2BpWbkbBj6BsYcuo1nffisv5tHfoGFh7RH%2BtSaOAFJNLWxG%2Fj2gEfGb7GroeK6a0lubtgJqceYDdvoQQem7vmmmkv%2FqpzMxns9%2F9QLwRQU%2FV78J5PLhMLEQRL3CfvTNwDnctlc84kkz8b2sGjXcEUMk%2BYg0ZV3bZSl4pTyymv83wbEYYapPr06r86t5eBVSmU2EU2eZy5FDoW5DdVNu7zxbsy2a5GDHAUZ9bbF%2FKz7qAjZlMp2pr0uIxnYCcFVLxtnPf9UCKCAZE9NMwm06iyesAlfoJ4vvNlWRyRC8iA3%2FU2AzguC84AnoS7Lq%2BYAKDCU7QkuMYbn%2F0T4oLakkwem5FFrZF4wHKXEAJaX%2F5Hv1T%2FoDPeAT2ZD%2BWCfnsQ%3D%3D&nvMid=12325828530&catId=50006631
NOW 그레인프리 스몰브리드 퍼피,"21,080원","급여대상 : 퍼피|주원료 : 오리, 칠면조, 연어|등급 : 그레인프리|기능 : 피부/털개선, 소화/장기능개선, 식욕증진(기호성), 두뇌발달|입자크기 : 보통 8~13mm|단단한 정도 : 하드",https://cr.shopping.naver.com/adcr.nhn?x=Tzf77J1j3dlwLeeLXKH7%2FP%2F%2F%2Fw%3D%3DsKC88mA8Tuffn8ifHVqRo4AXXN6kil5YJp8yoX1TOHHyEnHjmePWYmLXPM2%2BiQxIFFD5amWQ3ULTHaWrOAq8FLAAtvH96udFm99QqvNs0EF5VXemfpmeX70wC2wQT5nyiBte2Da%2BcRSMmzTx7XU%2B5wJ1uBPhUxQo%2BhZWHrGhRXGpw5219WJ%2B0Pe6bUP0IU3zuZ4wQuOCSb2e40%2BIy3%2FK6i0Pg%2F6PYJW9LpCSumzPJoiiI9aZyW4hhCgmcrsQhWGWG0qnj8nRWcWckn5wQKxeYHkBHHlcN9CuJK8Y7xqydTYVSgcMocFSO1%2FMsc3pegC3AsJEMTTMiEwYSM2%2FcWiyy3VVN0iu8K0n1CbfOYuGH9pj84irqoupb5cHtoCFQH9lAJV03cukp%2F9sq6JmLvPVclCKGRslWlAR%2F0R0YFUfFlbkIyU%2B%2BT4tGznZ3tOgf04uJV36ogsAbT2GMBHUreotiQMPywabGYCMYtkUGRJBPWotpxvNdRnAPRRuU4LqY%2FA%2Fnl3nXJkQEosLkNeApHcpcekbEnU49VlCKh8%2BJOcgTySyjBwLeThNxDeowsHTH2fjPMWpe2NFQQ7l1aBehzdKhmQFYHxyCN%2F2R24A9B1bNBkZ3%2BJtdzplz9TAaTVbWIdUZiA3%2FU2AzguC84AnoS7Lq%2Be6lBvvQVl24GULrsUPDXjgWRLP4wrqpnj0gxye52WGG5Hv1T%2FoDPeAT2ZD%2BWCfnsQ%3D%3D&nvMid=12441417832&catId=50006631
NOW 그레인프리 스몰브리드 시니어,"21,880원","급여대상 : 시니어|주원료 : 오리, 칠면조, 과일/야채, 연어|등급 : 그레인프리|기능 : 뼈/관절강화, 다이어트/중성화, 눈물개선/눈건강, 식욕증진(기호성), 심장건강|입자크기 : 보통 8~13mm",https://cr.shopping.naver.com/adcr.nhn?x=gxQWIopA9W1VaiYITTQ1xP%2F%2F%2Fw%3D%3Ds%2FP0ZQgzl1Upg6O1MEzTbS0gI0ZL8wUieIyLVjdSGWPKEnHjmePWYmLXPM2%2BiQxIFvoY4Gi6QyGgRLTRINgpMt1lBcSF8BGqvd4G%2FNPtBAypVXemfpmeX70wC2wQT5nyiBte2Da%2BcRSMmzTx7XU%2B5wJ1uBPhUxQo%2BhZWHrGhRXGpw5219WJ%2B0Pe6bUP0IU3zuZ4wQuOCSb2e40%2BIy3%2FK6i0Pg%2F6PYJW9LpCSumzPJoiiI9aZyW4hhCgmcrsQhWGWGEl%2FUDqGsqFfwdOMyZNx0N0BHHlcN9CuJK8Y7xqydTYVSgcMocFSO1%2FMsc3pegC3AsJEMTTMiEwYSM2%2FcWiyy3VVN0iu8K0n1CbfOYuGH9pj84irqoupb5cHtoCFQH9lAJV03cukp%2F9sq6JmLvPVclIPRlqnTqVOAbpIqelJ27JiElE62zCDsS3VIxkQrtUuXV36ogsAbT2GMBHUreotiQI9isb1lwkQo3KrElPZyj4H3Pq3j6mpC%2FxH2Cg%2Fo8%2Bwkl3nXJkQEosLkNeApHcpcekbEnU49VlCKh8%2BJOcgTySzorjVVTzhU1HISAE4kHvA3fC6mBrlkSpRY8JG7ZsbUeC41Xx8Pk5wrcBqCE7kd9BO08yfEV70uhsLTxGQpIMbwT8AlxSYkXaLH96LNyv1p9XFjHqpkM0mabGFFzX1Q6fY8HCP8kN%2BL%2FazGC5S5zoO0A35CyMrpXQUt3%2FJvHupy5s1ITc7NlRPvorKrNyQBKaY%3D&nvMid=14562361991&catId=50006631
NOW 스몰 브리드 피쉬 어덜트,"21,510원","급여대상 : 어덜트|주원료 : 과일/야채, 생선/해산물, 연어|등급 : 그레인프리|기능 : 냄새제거, 영양공급, 소화/장기능개선, 식욕증진(기호성), 구강관리|입자크기 : 보통 8~13mm",https://cr.shopping.naver.com/adcr.nhn?x=QENa21l2iRUGbonVR%2FfDZP%2F%2F%2Fw%3D%3DsxZR%2BzHIsN8VHQCmRoovLdd%2BZ47G%2F9tTaoma0Zz3XibGEnHjmePWYmLXPM2%2BiQxIFN7Xj34tMaWBZlUDQEcb0ylwDS%2F4D%2Bxa%2F45yoIOLtAlNVXemfpmeX70wC2wQT5nyiBte2Da%2BcRSMmzTx7XU%2B5wJ1uBPhUxQo%2BhZWHrGhRXGpw5219WJ%2B0Pe6bUP0IU3zuZ4wQuOCSb2e40%2BIy3%2FK6i0Pg%2F6PYJW9LpCSumzPJoiiI9aZyW4hhCgmcrsQhWGWGcGZvhS%2F%2F8%2FXYCZWzlohXm0BHHlcN9CuJK8Y7xqydTYVSgcMocFSO1%2FMsc3pegC3AsJEMTTMiEwYSM2%2FcWiyy3VVN0iu8K0n1CbfOYuGH9pj84irqoupb5cHtoCFQH9lAJV03cukp%2F9sq6JmLvPVclMvdrNGB8ocrD%2BuAOGkweYZFaxtwuITp5m5qH2UnBEDIV36ogsAbT2GMBHUreotiQCHGW07L0eUNcDoxzcGwMQZtG3%2Fs9kROxOCJB0ePWTPGBHNOS04mwbf2sLSii8Aqp06ZtDwt31Yy9EIIfYH2OlzF2mEosZ3t3d0cp6MYHmBao64ifB9DVeZ8ffla9GlFdlrsQ2ZWofnsh6jvL2JTfqD8bQM0xqNQKLVL8HngL3T0%2BgtF15PMkmjkNDmi88yMRWV4B5ANd35RuZNx3JYMHjjRjtcUWo92TlZWo4iieqxwhWw3%2BIByOa0jCVNQVnCDoA%3D%3D&nvMid=22965327490&catId=50006631
NOW 프레쉬 올브리드 어덜트 레시피,"43,200원","급여대상 : 어덜트|주원료 : 오리, 칠면조, 과일/야채, 연어|등급 : 그레인프리|기능 : 영양공급, 면역력강화, 소화/장기능개선, 식욕증진(기호성), 항산화|입자크기 : 보통 8~13mm",https://cr.shopping.naver.com/adcr.nhn?x=uf7mIvMq7GzPyb%2FTEtjkPf%2F%2F%2Fw%3D%3Ds6sZiJ3U4%2F1a0rtvNsPN2e8zdublBSxyKKJyloFsg67%2BEnHjmePWYmLXPM2%2BiQxIFZf4ir2DZ2ks7p0Bv1FF4eS7%2BffsBE3ev9UzVaqy2nZtVXemfpmeX70wC2wQT5nyiBte2Da%2BcRSMmzTx7XU%2B5wJ1uBPhUxQo%2BhZWHrGhRXGpw5219WJ%2B0Pe6bUP0IU3zuZ4wQuOCSb2e40%2BIy3%2FK6i0Pg%2F6PYJW9LpCSumzPJoiiI9aZyW4hhCgmcrsQhWGWG2wOdeFuEwuu7Ouvv2vRyvkBHHlcN9CuJK8Y7xqydTYVSgcMocFSO1%2FMsc3pegC3AsJEMTTMiEwYSM2%2FcWiyy3VVN0iu8K0n1CbfOYuGH9pj84irqoupb5cHtoCFQH9lAJV03cukp%2F9sq6JmLvPVclIqMQfUbRGquPHlRiEx83II0BvXDJreIJhYpz4XCbOvsV36ogsAbT2GMBHUreotiQFoGXQsSBDRPTYxq%2FJI1V1D49i%2B6opTRPHoHxKLLNLfwueUjEHzuGFwwN5t1eEmOzRHzQIUqTjHvyivMHOX8ok%2BLvw0VgPjynmykxxKPDwxRq3hvmqZTmfsZwhcDBmiIge%2F27NSP1jmz0aPW5mEgcuz%2F9wRELFA2f484%2BkfBEwDY71tqtWQablf%2F77SlIExh50O3WlPXpH4KGiXWqDGt5zihdU45krVXe9M9hqKjp7Mqb1NmOoRBMBsXNQGXzjfbC%2BFUQB%2FrDAzm2q1KHRsHkfE%3D&nvMid=23526165490&catId=50006631
NOW 그레인프리 올브리드 피쉬 어덜트 레시피,"28,000원","급여대상 : 어덜트, 대형견|주원료 : 고구마, 과일/야채, 생선/해산물, 연어, 기타|등급 : 그레인프리|기능 : 냄새제거, 영양공급, 소화/장기능개선, 식욕증진(기호성), 구강관리|",https://cr.shopping.naver.com/adcr.nhn?x=KR7diJeADBWvI4kHPLjI%2F%2F%2F%2F%2Fw%3D%3DsSX8d4%2BMAjEsgx3XMAhvQ%2FxZO1XnBg8t8CTwvVAovlytPdRzgwdof5iO4lixtGQo5mOF7nH03YKK5RjgpQqtk0tckXOT%2F3LAxl9LO8wQZPi254J8UO7LDGXdPU9Do8oyM%2BUMsZr7MfVU%2B4cFbJufs9aijMnXknskdaBDiw3XnAkE1Js4NswjwVBtM3zsMvXNBHQS3ZPaLl69XPdMcnFIZS8OmY27ZGze0Q%2BtXRlM4OxtFSICBvI1ATDFN58yC%2Fe2xoFWaWXlTUUaYAgqviaDrI%2Bog5yOKmz2vqX64rPUsGGnxP0XKaKkXV3EBNOC5ytHeRmZRx%2F4Muh68gRUQerYEJXJbeZ%2BpWbkbBj6BsYcuo1nffisv5tHfoGFh7RH%2BtSaOAFJNLWxG%2Fj2gEfGb7GroeEIiTxETQmCYlGo3Sy1A4V%2FaZ26YEavWj3zuWlzCQ%2FcIRQU%2FV78J5PLhMLEQRL3CfmRrJaMrozEQKTjLJpIbmTrcEUMk%2BYg0ZV3bZSl4pTyymv83wbEYYapPr06r86t5eMBOqdlDa6UpMtsgF8SB4G0VgzZoENmydOIeL%2B0GJROrRAV4lkt6DNrs4odXwLLQ59coKsL1oEFwgB5cL%2FwkKAAPXQr0%2FwZ%2FbvR2p18GBGChDKJIx%2FQcEkHX92k4%2Bdh2%2BBGk4XMJtozo5T3u6g%2BJ%2BOuLQx6Rii06zQwFTvU0k%2BvUs0MCbE34iUOeH2bi7PFh3c2OqH9l6YII5ugOGfB4CYY%3D&nvMid=23378324490&catId=50006631
로얄캐닌 하이포알러제닉 스몰독,"21,560원","급여대상 : 퍼피, 임신/수유|주원료 : 닭, 기타|기능 : 피부/털개선, 저알러지|입자크기 : 작은 8mm 미만|단단한 정도 : 하드",https://cr.shopping.naver.com/adcr.nhn?x=ENiivy5rY%2BgNCYoacdNtsv%2F%2F%2Fw%3D%3Dsz2W4jEO8GQ31XdmvPgEek9Kr3iCCtysWC7zySBkq9%2FTzCZcgSenVvO971U3aS%2BEDuIJ4MHiwSjbPc51qtkIraLpeGHBsmf1yl6vqnmIGNzvDpmNu2Rs3tEPrV0ZTODsb7JQtrMqSgEftbsAH7BzOjiEleUrkYk2e0ydSJmh173TqvXmjYQLLa6uvJaOA75iC7w7zvHonHrfATejjiRq7p99%2BKy%2Fm0d%2BgYWHtEf61Jo5CNclKwvLyA%2Fys%2F%2FHPPajL0%2FN%2FAQkWtK%2FcC3Yw09QBQKiWbaU6chX8GzwGhBdl9NkQfJpFrUd2%2Frs%2FOfouiYK%2FmOYOJ5vhk8FNAfP%2FAT3X6VEF9Kfe%2B5fB7W8fg9aTf5arilkDeG%2B1rLU11UaeFf3disext5K2yYkF868rsMDqiS7yZX%2BLW1uD%2BcoVc244umHtynSGfBpELOWu1iwN%2FYvUSo0adg%2FaZAYXCXaj0Al5E5p9fNtMqCcjz0txrMICmJVmNFw5Vd09lRVilgsGYfNUC0r%2BUmM4rOUlXYgQF%2BmvERkNDjBo7henmPCE2l3bsSopFzPm2aDMTHnjO5zLX49r8jR8gVF8FlQ9pItE8Zzc8gaIesbC%2BjDzSjRKKqKECdD2fAsPd5w1Gr%2BkTFVZ6phzv4YGjJCSIW1IvBxXT1wG976a5drneCupWLwFkLv7xlaaL1WYz0BS%2F0xjA0PnVhngDhLBwu%2FFQS5xWYf5w6G3jQ%3D%3D&nvMid=15645061501&catId=50006631
로얄캐닌 미니 인도어 어덜트,"6,200원","급여대상 : 어덜트|주원료 : 닭, 오리, 기타|기능 : 냄새제거, 피부/털개선, 인도어, 소화/장기능개선, 체중유지|입자크기 : 보통 8~13mm|단단한 정도 : 하드",https://cr.shopping.naver.com/adcr.nhn?x=m3YhhcMkpdHHDSq6tZYQgv%2F%2F%2Fw%3D%3Dsaw3664lVJ%2BkCofo3KBxXdsON3W9RrTWWuIZi9ezr%2FViEnHjmePWYmLXPM2%2BiQxIFLnr2snfInuOelrUAt4Sw249w5XCaggkotGVsM3tJShBVXemfpmeX70wC2wQT5nyiBte2Da%2BcRSMmzTx7XU%2B5wOlPvFHMa7UBWzlhIpBEopMZaHJh8m6M1TAeUS6FgUWBM5dG65xFvUUQSZmn9pFUT0Pg%2F6PYJW9LpCSumzPJoiiI9aZyW4hhCgmcrsQhWGWG8po9ow3EcQoAwE8W9%2F3%2BMpdNmlFi%2FBgeuY7C%2BBLsfY4TSSdaAcEDBljsWm2U0MV1UT1vDLjPtC3mYeiMRbVeWdGkAi%2FjhgOhwQb00xtirxyrCRdUxvA177jl0VodmokhNUJnit2TyE8yh3GxJ0fiPBYugavu2luGkJFX2Hu%2FzuOQGc31b%2BiiZkDoUr%2BNwipRlR9%2BsFapW2lINDnoWOEt6%2BkWWfzpBlIFsCyWI13ijncrew%2FxIRf4lpBQXzfxWyY7eQKcgSM7XGYg9F%2BTiNCv3DwThVhpI%2Fhmhx1UynWqm1d5ad5SNTbbH7wPiCsZKu6wjeIPb2lIAZYWIeUwi1wer92yXGafR2yOTL0gYdneSayIDf9TYDOC4LzgCehLsur5kcguN6rPZZcfnSnVnRZja0Bw%2Bgphe3QbS3FePdQI7NDke%2FVP%2BgM94BPZkP5YJ%2Bex&nvMid=5677880717&catId=50006631
로얄캐닌 푸들 어덜트,"7,800원","급여대상 : 어덜트|주원료 : 과일/야채, 생선/해산물, 쌀, 기타|기능 : 치석제거, 영양공급, 피부/털개선, 구강관리|입자크기 : 보통 8~13mm",https://cr.shopping.naver.com/adcr.nhn?x=XwrMb2ghaKlKg1kJUjw5mP%2F%2F%2Fw%3D%3DsReC3L%2FS4yKF683hteor%2FMyT1fxh5CLssMigbp0B9RYLA%2B1gRNTAPkV%2B1l4I4uQ0o8zZ75c1dFSaT76f0YlFRRFMrb%2Bsvu0ANjKyaN9llX%2FJD4P%2Bj2CVvS6QkrpszyaIo6sGkobrHOLjdQ9PfNparADnGKNIEuzGBVdPUWwnwjhlBh8VVjtHXITBGVisJrvm5Bg18YGr7r6iWwaya%2FcdIq4ZnlrSZr8PDPdBCvs8uWtdeJxHcKH4rYUhc5SxvGs%2FQY9UABHZHGJTsQnICrWS3Wqjdy8qO%2FVNabEgqYJCNq1ZTr3BcYiUeVkDnn43ddm7l9NlBzrc2zEiDK7K5EbEOlsJvbdNgZnX6XAiOOiMQ1cI9BMLJ8TWBnpSfrR6JFCSowc%2B%2FjkR2vl%2B%2B%2B%2F%2BVPNlrhUQ6cpKTqlmYGalnAZlcEQ3uJbqckOIWui2QHLBvfCzrOiSHso0SSRvAEEo5QU4QSsaZ0xlb1Q5IKQrFPis5QaSs7kxQK8MZseBsaJzTSahnIjbxAMh%2B10%2BjmxnveZkXVOTYG2QhT%2FqJMs2QC2YU6pe%2FKvho2%2FNZmMOSkuTPTEiisTkQNLl8slP3wMyQttoI6%2BLrKZ%2B0eCrbYHCBOISB8BQSzxwVRNV%2FYRemZK5z1sCEskqcvJUU2rRu9GEH4vlMTJF6yROSk9wOUzTB5U9i6QNoaKZHilHbuauHUigNM5KA&nvMid=24311760526&catId=50006631
로얄캐닌 미니 인도어 퍼피,"6,000원","급여대상 : 퍼피|주원료 : 닭, 칠면조, 생선/해산물, 쌀|기능 : 영양공급, 피부/털개선, 면역력강화, 인도어, 식욕증진(기호성)",https://cr.shopping.naver.com/adcr.nhn?x=J0M2s1Q9cWqu7ep%2FbjTwk%2F%2F%2F%2Fw%3D%3Ds8hrEh2iEn0xMpwdCvXt8J18nFVNFfbZ1YGTGM3ZZ8aHA%2B1gRNTAPkV%2B1l4I4uQ0oHStpmYURiA4h4IUKcqrzGWA5pnHWeGzAAE5DrXQbUAlD4P%2Bj2CVvS6QkrpszyaIo6sGkobrHOLjdQ9PfNparADnGKNIEuzGBVdPUWwnwjhlBh8VVjtHXITBGVisJrvm5Bg18YGr7r6iWwaya%2FcdIq4ZnlrSZr8PDPdBCvs8uWtdeJxHcKH4rYUhc5SxvGs%2FQg%2B08hD8UNluYxWw18d64Cqjdy8qO%2FVNabEgqYJCNq1ZTr3BcYiUeVkDnn43ddm7l9NlBzrc2zEiDK7K5EbEOlsJvbdNgZnX6XAiOOiMQ1cI9BMLJ8TWBnpSfrR6JFCSowc%2B%2FjkR2vl%2B%2B%2B%2F%2BVPNlrhT1v1obMLPpqimckgsLcW%2F%2FSmujVYcnrwunVO4SRngq%2BOiSHso0SSRvAEEo5QU4QSl%2FMiQv0k9Lgw8I%2BzhumMU5hOGR7MHmrN3wAmJXWDRW4IjbxAMh%2B10%2BjmxnveZkXVE4U1YqAGQh%2Buu4Dt%2BVdRpNrx7CHOtrxrdcspfc9KwgeE%2F8RNBX9ITKSZWZoT3UQnfymXAKAvHCqt5D%2FUAvMgIvvW2q1ZBpuV%2F%2FvtKUgTGHnxxN1ex9p6XDHMAbjEif%2FJ9wFWoOO3LVd7CJfgbnZ5dJvU2Y6hEEwGxc1AZfON9sL4VRAH%2BsMDObarUodGweR8Q%3D%3D&nvMid=15977632163&catId=50006631
로얄캐닌 엑스 스몰 퍼피,"16,330원","급여대상 : 퍼피, 어덜트, 임신/수유|주원료 : 닭, 칠면조, 곡물, 생선/해산물, 쌀|기능 : 냄새제거, 영양공급, 피부/털개선, 면역력강화, 소화/장기능개선, 식욕증진(기호성), 항산화|",https://cr.shopping.naver.com/adcr.nhn?x=6MIQZp3W%2FFaXxhCBc27uf%2F%2F%2F%2Fw%3D%3Ds%2BUXAuRH03eWqyP4OXXUtMVyGJdOoe3f6fQvTyveUiqPzCZcgSenVvO971U3aS%2BEDdJXH9Aph4zYNZbtsqfQ%2F0D3m6hoKPlXaehtHw6xmLBrDpmNu2Rs3tEPrV0ZTODsb7JQtrMqSgEftbsAH7BzOjiEleUrkYk2e0ydSJmh173TqvXmjYQLLa6uvJaOA75iC7w7zvHonHrfATejjiRq7p99%2BKy%2Fm0d%2BgYWHtEf61Jo5CNclKwvLyA%2Fys%2F%2FHPPajLks%2Fud3SSSKE0Ms63lDkwJKiWbaU6chX8GzwGhBdl9NkQfJpFrUd2%2Frs%2FOfouiYK%2FmOYOJ5vhk8FNAfP%2FAT3X6VEF9Kfe%2B5fB7W8fg9aTf5arilkDeG%2B1rLU11UaeFf3disext5K2yYkF868rsMDqieznJ5sQC99uxpaMyTsus%2BvEurWKfcHlZctktzmwztPuSo0adg%2FaZAYXCXaj0Al5E4xu1pGIh4vNFUo4oIqv1P%2BqVSVdvQxVy8KiNXz8QyiYC0r%2BUmM4rOUlXYgQF%2BmvEQeb8fEVPPbkWpWWBp%2F4k9%2Fo7EcP6%2FebTe4925MpdjN8yzcRMuIP5HoURDWxo1Bo%2BedznDqJUavPZ6fbJjFkRgxicchwRNwmJ84TyxvjggzFpPrDomt8nRloGIFLfZaoj4kioKzYoP%2BkDk6mslnnBc%2FHICEQpPL7Rm%2B2fyhjEhHR&nvMid=15978041044&catId=50006631
로얄캐닌 세타이어티 강아지 사료,"22,310원","급여대상 : 어덜트, 시니어, 대형견|주원료 : 닭, 곡물, 쌀|등급 : 슈퍼프리미엄(2등급)|기능 : 영양공급, 피부/털개선, 저알러지, 다이어트/중성화, 처방식, 소화/장기능개선, 체중유지|",https://cr.shopping.naver.com/adcr.nhn?x=45LowMt23o9PtTvazUadRf%2F%2F%2Fw%3D%3DsVoddTlybTdspXUXolbX4b6EuLYV%2FnLap7a%2BflqIzH6bA%2B1gRNTAPkV%2B1l4I4uQ0oO3oF7OBBDibDyjU0dCivYK3eq98H6Xcq8XBsFdGj2txD4P%2Bj2CVvS6QkrpszyaIo6sGkobrHOLjdQ9PfNparADnGKNIEuzGBVdPUWwnwjhlBh8VVjtHXITBGVisJrvm5Bg18YGr7r6iWwaya%2FcdIq4ZnlrSZr8PDPdBCvs8uWtdeJxHcKH4rYUhc5SxvGs%2FQY36zTQUAjoJhP3Pgy%2FRqaqjdy8qO%2FVNabEgqYJCNq1ZTr3BcYiUeVkDnn43ddm7l9NlBzrc2zEiDK7K5EbEOlsJvbdNgZnX6XAiOOiMQ1cI9BMLJ8TWBnpSfrR6JFCSowc%2B%2FjkR2vl%2B%2B%2B%2F%2BVPNlrhUQ6cpKTqlmYGalnAZlcEQ1P7NHmnJYPqTvYn8UXoJhuOiSHso0SSRvAEEo5QU4QSl%2FMiQv0k9Lgw8I%2BzhumMU7oTERe9xCZqDivZA7WrxQhIjbxAMh%2B10%2BjmxnveZkXVFMoxWZfXgzRHxh1xu8vIprcttSvkNMDaznzTwlKGyDg5cQixvqZNaeSaitoUzbDql8dVcfvEBqslb9qtLO6lhRm8NCPpZTBFdh0YcQTrfF6EaThcwm2jOjlPe7qD4n466RWZpTJFsEBignWUk0qj%2F66bNJzb3vYFYC6CI%2FqTQ0SxyAhEKTy%2B0Zvtn8oYxIR0Q%3D%3D&nvMid=15976730128&catId=50006631
로얄캐닌 엑스스몰 어덜트,"9,900원","급여대상 : 어덜트|주원료 : 닭, 오리, 칠면조, 곡물, 쌀|기능 : 피부/털개선, 신장/요로, 소화/장기능개선, 식욕증진(기호성)",https://cr.shopping.naver.com/adcr.nhn?x=NYc8oFnMHLbw0gOsn0Albf%2F%2F%2Fw%3D%3DsCpiN2q2pS0%2BnxZcc0o%2ByYBod9yLHlRyaApc7qVjusOyEnHjmePWYmLXPM2%2BiQxIF6z20Cs7uiiX2IMk7BJNW9LhwGl5Su7xvAKYEUuF6SnJVXemfpmeX70wC2wQT5nyiBte2Da%2BcRSMmzTx7XU%2B5wOlPvFHMa7UBWzlhIpBEopMZaHJh8m6M1TAeUS6FgUWBM5dG65xFvUUQSZmn9pFUT0Pg%2F6PYJW9LpCSumzPJoiiI9aZyW4hhCgmcrsQhWGWGAHe55Qf6qAVtK7KHLV%2Fpd5dNmlFi%2FBgeuY7C%2BBLsfY4TSSdaAcEDBljsWm2U0MV1UT1vDLjPtC3mYeiMRbVeWdGkAi%2FjhgOhwQb00xtirxyrCRdUxvA177jl0VodmokhNUJnit2TyE8yh3GxJ0fiPHmNLeawDc5ZxoLBsUbUly7cL69gdZuGOxbyKSn8x20flR9%2BsFapW2lINDnoWOEt67%2BaCKkH3wIg1OuN4dtJnrRafojOva7WaBpqJc%2FIksTxKK3EpvkAyLLO0oakWi%2B8lq26ZSs3rxK4uBF%2BrBfWxva%2FKvho2%2FNZmMOSkuTPTEii8aep9hOFA9IU%2FdvHovI0H0UtXJRcW%2FjSGPgdNLFRsC6Ov%2B%2BG7P8zZs54SDuTec41m317VQv1XJb7w%2BNU3euDtPERjEaRwZspcR%2F8wPT4guJoaKZHilHbuauHUigNM5KA&nvMid=6293550940&catId=50006631
로얄캐닌 비숑프리제 어덜트,"17,550원","급여대상 : 어덜트|주원료 : 닭, 칠면조, 생선/해산물, 쌀|기능 : 치석제거, 피부/털개선, 신장/요로, 체중유지|입자크기 : 보통 8~13mm",https://cr.shopping.naver.com/adcr.nhn?x=RT6jU5h0MOtWhRj2ggS2FP%2F%2F%2Fw%3D%3DsWj0P3Je4RiSNiAKuWxLNJr5cRR4fi94eqK8GR9ORB8lPdRzgwdof5iO4lixtGQo5xPa9IVGZaxV0gs5dZ9rXk2edW%2BMyCIcyNsWGbi%2FX%2FUA%2Fa18qhDQ1A%2FKJp3fgBDorC7u7bsN%2B3oC09x0467ZYvRQReLBiyBUUdQMMmOXZFCbbyXP0N6hrYzrEojGnbQIcmWZqfzHgHLjNU3KsGPhBX1Vd6Z%2BmZ5fvTALbBBPmfKL02aC1R%2BM4OXeQVq6pDHouCCxjp7VSBGyK%2BHw0A8uFJTKbmUzipiikciqzrQ48oMozWFebJsqYHoTw3PcUFv4bAec7bfJrbF%2B%2B0nFGpna%2BcIhc45j9%2Fsn3JEdse3VRCqRD4P%2Bj2CVvS6QkrpszyaIoCuwrUM2Vi5bq9fxYHuPhKT%2BTjTu0iT0msSZq8J3d9Rk9Z0SeMqENQcl4GV2BeGrF3kARt8EZEv2TusDt%2F2HI%2FkXlHRdhVCFHUy%2Fv85O0MtsKdxpmR%2FOe9hARgxC56kTdYtBNF5F9JAMCRGhNGjOuBnZKoQcDT1Yt22e4gcDOK1W%2FKvho2%2FNZmMOSkuTPTEiiOfcXXVCdxiZoLyXgUP%2BotfpPHA28VqeYVslbWEq%2Ft4ARpOFzCbaM6OU97uoPifjriYrJMKsOXryqUewU28Q6aGyyfk2HVcm1vmZMCczDUabHICEQpPL7Rm%2B2fyhjEhHR&nvMid=14718783656&catId=50006631
로얄캐닌 말티즈 어덜트,"7,200원","급여대상 : 어덜트|주원료 : 과일/야채, 생선/해산물, 쌀|기능 : 냄새제거, 피부/털개선, 식욕증진(기호성), 구강관리|입자크기 : 보통 8~13mm",https://cr.shopping.naver.com/adcr.nhn?x=k1qQbzy9nw610Sz31pm58f%2F%2F%2Fw%3D%3DsOs1lWHcO5OeXx74vQk5Gy8w4D3K5g0SK7yU4l6WjUoGEnHjmePWYmLXPM2%2BiQxIFiNRBx2jwaqeQxjTF9IJBLeKk0j1PUwSuULC%2Fu07O11tVXemfpmeX70wC2wQT5nyiBte2Da%2BcRSMmzTx7XU%2B5wOlPvFHMa7UBWzlhIpBEopMZaHJh8m6M1TAeUS6FgUWBM5dG65xFvUUQSZmn9pFUT0Pg%2F6PYJW9LpCSumzPJoiiI9aZyW4hhCgmcrsQhWGWGwYrfFwLDBUSzXZ5cP5r%2BZJdNmlFi%2FBgeuY7C%2BBLsfY4TSSdaAcEDBljsWm2U0MV1UT1vDLjPtC3mYeiMRbVeWdGkAi%2FjhgOhwQb00xtirxyrCRdUxvA177jl0VodmokhNUJnit2TyE8yh3GxJ0fiPDe7kLhlFBWWMh81yu2TOZMUVulQL0AwlW%2FxwThxDoQilR9%2BsFapW2lINDnoWOEt618RNW7%2BPj7mhiD8f%2FwP0vG2xonYk5KCG858mTh%2BPi8JGHVD79hxlMng6QScPJe2oEW1i8K3mXaASAqHUVjr8zKjriJ8H0NV5nx9%2BVr0aUV2iu%2BZSPGT3ojXGYQmLcflR7PWiDJHsrzaJt1xIVElQeV7N0%2BKs0gSFTdhwMrBXaDkheMnzTORUeIAj0IXRtpU6xK2zxvXOuAvK6d%2FgKgGSiCCqA6%2BrrPkSkQjk3bFq%2FUy&nvMid=6234134850&catId=50006631
로얄캐닌 독 미니 에이징 12플러스 파우치,"1,030원","급여대상 : 시니어|주원료 : 돼지, 닭, 쌀, 기타|기능 : 영양공급, 피부/털개선, 종합비타민, 신장/요로, 항산화",https://cr.shopping.naver.com/adcr.nhn?x=D82F7n2cJe4FSxEuSIA4Q%2F%2F%2F%2Fw%3D%3Dsh7NE0JcAo0sXNewB21VsuOmSCqoQIQJBfTBZxkVA2uvzCZcgSenVvO971U3aS%2BED61lsohnVPTaRbe0kdaVfUC0YMf7oLchHT3D2E6GfWjXDpmNu2Rs3tEPrV0ZTODsb7JQtrMqSgEftbsAH7BzOjiEleUrkYk2e0ydSJmh173TqvXmjYQLLa6uvJaOA75iC7w7zvHonHrfATejjiRq7p99%2BKy%2Fm0d%2BgYWHtEf61Jo5CNclKwvLyA%2Fys%2F%2FHPPajLyrX%2F3EVqulr1%2FzuVeUvRoKiWbaU6chX8GzwGhBdl9NkQfJpFrUd2%2Frs%2FOfouiYK%2FmOYOJ5vhk8FNAfP%2FAT3X6VEF9Kfe%2B5fB7W8fg9aTf5arilkDeG%2B1rLU11UaeFf3disext5K2yYkF868rsMDqiWQXyYYaAEWJngtWTeUEhDyS12QJl%2BaVbRVbA9NXuRaMSo0adg%2FaZAYXCXaj0Al5E%2Fhwl4fv1AE8F30NGArLRK8nrW25g9lBrYkQeZT9jGPEC0r%2BUmM4rOUlXYgQF%2BmvEYoCaylpO75XD%2BUX0hd%2B0F%2BWEjq3WBFTjgEuoqBttKQnSrmBUPHgqmKJiVZyVrYP4id2xmr5siL%2Bc6f8G%2B9rCwg51WU79dmFs11QSEzsnpQ271tqtWQablf%2F77SlIExh5yKZIaE0ybgcRP2r06dlBVWckPk%2FKBv6cl2NYuzAoeD8Y7RBJx2aPv1bgiR77Jh46w1QmAmnoJRdq4K9btjkCM0%3D&nvMid=25565437522&catId=50006633
로얄캐닌 아날러제닉,"28,000원","급여대상 : 어덜트, 대형견|주원료 : 닭, 오리, 칠면조, 기타|기능 : 영양공급, 피부/털개선, 저알러지, 처방식, 소화/장기능개선, 항산화",https://cr.shopping.naver.com/adcr.nhn?x=cOeQ0We6easeFV5fZe2ldP%2F%2F%2Fw%3D%3DsYtmP6oVo0ScDBbJcPloWhAOb2pyLpMuHjwkHtVBwMqDzCZcgSenVvO971U3aS%2BEDaEMsvz4QiIsbt1Ql2bE%2FCINPlCxlTkQ5e%2FbWDZr2m6PDpmNu2Rs3tEPrV0ZTODsb7JQtrMqSgEftbsAH7BzOjiEleUrkYk2e0ydSJmh173TqvXmjYQLLa6uvJaOA75iC7w7zvHonHrfATejjiRq7p99%2BKy%2Fm0d%2BgYWHtEf61Jo5CNclKwvLyA%2Fys%2F%2FHPPajLu1cil9MShEeNCg6Da5Y3zKiWbaU6chX8GzwGhBdl9NkQfJpFrUd2%2Frs%2FOfouiYK%2FmOYOJ5vhk8FNAfP%2FAT3X6VEF9Kfe%2B5fB7W8fg9aTf5arilkDeG%2B1rLU11UaeFf3disext5K2yYkF868rsMDqiTmlsjUFKylPxcPIcSX0wQPXX0N4GjjKLC11oTAlNXOYSo0adg%2FaZAYXCXaj0Al5E9CpNTiL5GrZSUdP%2B39GgKdzTOr1unxVv%2BsfIq46FhTTC0r%2BUmM4rOUlXYgQF%2BmvEaB6gfhRYywKaYzSJ%2F5XCKryNHyBUXwWVD2ki0TxnNzy%2FZKF2ISeZIjSdRU2Aa4exIVBiI4%2FZpC5Q%2BFDyAiXsPu%2FhgaMkJIhbUi8HFdPXAb3aejvOSzLmCmckghFZtflj9tN5%2BU1YYkw5d6o32BzcFaFbDf4gHI5rSMJU1BWcIOg&nvMid=21461403049&catId=50006631
로얄캐닌 카디악 심장질환 강아지 사료,"31,280원","급여대상 : 퍼피, 어덜트, 시니어, 대형견|주원료 : 곡물, 쌀|등급 : 슈퍼프리미엄(2등급)|기능 : 영양공급, 심장건강|입자크기 : 보통 8~13mm|단단한 정도 : 하드",https://cr.shopping.naver.com/adcr.nhn?x=Le85HA%2BBGdPutV8isU9ozf%2F%2F%2Fw%3D%3Ds5ZBA7KOUWDX2IC4qN%2BXS543BARXq%2Bye769JGFdFwHkjzCZcgSenVvO971U3aS%2BEDff6f6%2F1ploT4lWKWh1JA9L5HAti8SDDvmpGOmJHzEUDDpmNu2Rs3tEPrV0ZTODsb7JQtrMqSgEftbsAH7BzOjiEleUrkYk2e0ydSJmh173TqvXmjYQLLa6uvJaOA75iC7w7zvHonHrfATejjiRq7p99%2BKy%2Fm0d%2BgYWHtEf61Jo5CNclKwvLyA%2Fys%2F%2FHPPajLmmVPB9dvlKgA2e3EC3Hw4qiWbaU6chX8GzwGhBdl9NkQfJpFrUd2%2Frs%2FOfouiYK%2FmOYOJ5vhk8FNAfP%2FAT3X6VEF9Kfe%2B5fB7W8fg9aTf5arilkDeG%2B1rLU11UaeFf3disext5K2yYkF868rsMDqiVhjrQmOwEftATUDpTzqWo0kNMtYnZjAHYY1tdq8G%2BGbSo0adg%2FaZAYXCXaj0Al5E9Rx88xzoQC1BIGO2hs580R3%2BBkKTCbu%2BEG7NlhtcLYxC0r%2BUmM4rOUlXYgQF%2BmvEXHREIMjVoqrwVEp6%2BQX5qMBpP7c0CxvGQB4Cqkn2ThY%2FWjicdddyU64z3uj8R806R3KTxh%2F1ynw9sZH1yw5q2ynlRHe39M5utMXEznCSKcoramjBwCZI9AwCV4mCTWQmf3X%2FIX4qyV21x%2FjkR%2BBaUOiDOUJ65MvA4kwPD81mgDdA35CyMrpXQUt3%2FJvHupy5s1ITc7NlRPvorKrNyQBKaY%3D&nvMid=15976730284&catId=50006631
로얄캐닌 유리너리 S/O,"29,000원","급여대상 : 시니어, 대형견|주원료 : 닭, 칠면조, 곡물, 쌀|기능 : 유리너리(비뇨계), 결석예방, 신장/요로",https://cr.shopping.naver.com/adcr.nhn?x=ofXDf4szvID9Oz3Zai0awv%2F%2F%2Fw%3D%3DsQn%2FSfkMv4WKt9fGXqH8Jbc1wkYrZrBElZZMQgpl77eiEnHjmePWYmLXPM2%2BiQxIFc6ZV9YC%2FoMENU9Q7yMlUgBPqKmUY2soqLNeA3OesVtuAbCY81f975eS5nfR25FBiI1ODi9hUm3Sq0pLB9du%2BPjuz3B0fJIuNFljaiho001s5%2FmLhAi5uixFkPzOlLawnsJsbkrlDDQ3bDAK6QGg5hcv%2BjB2erv%2BZ%2Brrs5VHOiTQgGE7%2BZatKjf5hEf1XctkK92AH5RvRDDoIeluGQmdubpdNmlFi%2FBgeuY7C%2BBLsfY4TSSdaAcEDBljsWm2U0MV1UT1vDLjPtC3mYeiMRbVeWdGkAi%2FjhgOhwQb00xtirxyrCRdUxvA177jl0VodmokhNUJnit2TyE8yh3GxJ0fiPEUk6OrEKi4Oy1bG7iZ1TyVQzUFOH1HsHXY6zQTaaNH4WRwr29M5T34BWpVvrODbS28wkpJ7RfzAXeyAw12kk9lcu%2BvaIOE9DRmOrw%2BsfhbnKUHBP62lG2lpgYdxvXCDn1bRRSBi490l1xdEMyvEQ%2FSxP0kteDt9FwejuDZJMNROxWbanzoKOBeI6VjV%2FFT7vtP%2FvD9hHMi2CAf2eTKselZXdLIQl3Egg54C4G%2BoFZ1jlMjE4m8UwebqcVhpwaSbBqhaYfcrQ200Eg9zFzlyMCCCqA6%2BrrPkSkQjk3bFq%2FUy&nvMid=31158359628&catId=50006631
로얄캐닌 미니 인도어 시니어,"16,570원","급여대상 : 시니어|주원료 : 닭, 오리, 칠면조, 곡물, 생선/해산물, 쌀|기능 : 냄새제거, 소화/장기능개선, 항산화",https://cr.shopping.naver.com/adcr.nhn?x=EFHwKnUVhjovuIF5wjNHdP%2F%2F%2Fw%3D%3DsBKKYAUXZHWZfLeEOLFoddNmg0%2BKnj0T0k9CZjOe%2B%2Fj3zCZcgSenVvO971U3aS%2BEDU1H5Em6jTfx9rS7YXeYqSuVq7BfZkNrHfuI1l3FoChrDpmNu2Rs3tEPrV0ZTODsb7JQtrMqSgEftbsAH7BzOjiEleUrkYk2e0ydSJmh173TqvXmjYQLLa6uvJaOA75iC7w7zvHonHrfATejjiRq7p99%2BKy%2Fm0d%2BgYWHtEf61Jo5CNclKwvLyA%2Fys%2F%2FHPPajLDUCsJfbrY5j2SbTF2k7yGaiWbaU6chX8GzwGhBdl9NkQfJpFrUd2%2Frs%2FOfouiYK%2FmOYOJ5vhk8FNAfP%2FAT3X6VEF9Kfe%2B5fB7W8fg9aTf5arilkDeG%2B1rLU11UaeFf3disext5K2yYkF868rsMDqiTEAp1OjboPfuSeP3oLdNjXCghf6r9Hu29FNITGVlp1TSo0adg%2FaZAYXCXaj0Al5Ewv0w78IiEuU2BiMQ0XcE7vjKjwl8hOsRC6KkfWiUXKiC0r%2BUmM4rOUlXYgQF%2BmvEc93DVksgrAngrNsOfCIP7Ik3STPsP2AWN%2Fh3ZFmJ5PSE%2F8RNBX9ITKSZWZoT3UQncyeA4vyV9EFK%2BR6IVFaRTV8UohkGWaulgjx49BLgf1OHg8qX9Kw1y72newlJKhKbwIL7m1mwfllUvMft2MfCHwpuPMricn4zKTxZl%2B9pt30Bq7h9PA5SrIXrcWPClBGWw%3D%3D&nvMid=15977156132&catId=50006631
ANF 6프리 플러스 소고기 연어,"13,000원","급여대상 : 대형견|주원료 : 소, 고구마, 과일/야채, 연어, 쌀|등급 : 유기농|기능 : 영양공급, 뼈/관절강화, 피부/털개선, 저알러지, 눈물개선/눈건강, 소화/장기능개선, 식욕증진(기호성)|",https://cr.shopping.naver.com/adcr.nhn?x=OqzhlUBJAI%2FBbkL%2BfWc0hP%2F%2F%2Fw%3D%3DsGJa4UFKi1bhXVY49HjgiK3BAElpN7z9yPI3Jdtqy06UoD1VJ3M%2FrQZgbsN2n%2BGF6X%2FTqFTCN%2B%2F3as1nYrkQo5QbUVWlm6VGCqfryAG0iusxD4P%2Bj2CVvS6QkrpszyaIo6sGkobrHOLjdQ9PfNparAEqtBZVhB0HO8RLbH2nM7mCMJk%2BynEuGAKx%2BVv466oAL20yV%2FBR6fq7cHQNz4%2Bu%2B74ZnlrSZr8PDPdBCvs8uWtdeJxHcKH4rYUhc5SxvGs%2FQhg0wjjZgq8aTSvT7poDvCajdy8qO%2FVNabEgqYJCNq1ZTr3BcYiUeVkDnn43ddm7l9NlBzrc2zEiDK7K5EbEOlsJvbdNgZnX6XAiOOiMQ1cI9BMLJ8TWBnpSfrR6JFCSowc%2B%2FjkR2vl%2B%2B%2B%2F%2BVPNlrhUQ6cpKTqlmYGalnAZlcEQ1zmzSOqcL87lu4uoTexj19OiSHso0SSRvAEEo5QU4QSq0uKnwd2IsnGczOJsnxHgvBJdhop5ANKSIC%2B1DnfV6IIjbxAMh%2B10%2BjmxnveZkXVLvn01CygazOau3vqkau4C1kVxcYdvlMvPLQ3kZHGpcekK9mgADfijM8%2FAFg0Jd7MuffHTpnNK%2BBwOSmlG4fe8C47gwoREFupJfQmf3QGOh7iA3%2FU2AzguC84AnoS7Lq%2BUe%2FNwE4YTafoNvTM3vG7c62zaGbIVBU4aQ92kCN435T5Hv1T%2FoDPeAT2ZD%2BWCfnsQ%3D%3D&nvMid=22470189919&catId=50006631
ANF 프리미엄 램 28,"27,050원","급여대상 : 퍼피, 어덜트, 시니어|주원료 : 닭, 양, 생선/해산물, 쌀, 기타|기능 : 영양공급, 뼈/관절강화, 피부/털개선, 면역력강화, 소화/장기능개선|입자크기 : 보통 8~13mm",https://cr.shopping.naver.com/adcr.nhn?x=FdD%2Ft6y3vgQCV%2F1HMzLg6f%2F%2F%2Fw%3D%3DsF7LYRzTT7OlT7P%2B1m%2FOH8oblpncUAOTf8Yj3RRqzcxKEnHjmePWYmLXPM2%2BiQxIFV8D4nONYtXxGDxrLEK29f48LfzZhikuRg0kf%2BjzeigJVXemfpmeX70wC2wQT5nyiBte2Da%2BcRSMmzTx7XU%2B5wC%2Br8322bzbBo5%2BAnJCLvAbnKISVEVyoXDTSmZcEuYCOudAd%2FS6NbgILmIEY%2Fh2cfkPg%2F6PYJW9LpCSumzPJoiiI9aZyW4hhCgmcrsQhWGWG2Wlx%2BYN2PPvVf2xg8sr2wZdNmlFi%2FBgeuY7C%2BBLsfY4TSSdaAcEDBljsWm2U0MV1UT1vDLjPtC3mYeiMRbVeWdGkAi%2FjhgOhwQb00xtirxyrCRdUxvA177jl0VodmokhNUJnit2TyE8yh3GxJ0fiPPddowDqpLXnfyMKfQx73BVCeVvvIFiSbYDjluZKXu%2FTlR9%2BsFapW2lINDnoWOEt62pjgvhlm68mQREZR2VPri8eqk4LMIEBP4zpffNGxWSyoeZcSBMT2W5D1J0UCxsNvYz6OmpgFQ2YhhLYiVYYJSujriJ8H0NV5nx9%2BVr0aUV2RPslhTu2kP3Rl81olnOfS7tnZieZE8%2BRNxcOjOPi69q%2FhgaMkJIhbUi8HFdPXAb33sRcgdaDP%2BRh3mnS8hxWRIGNeJ1Z8d7OYpcYeqnvWrYOEsHC78VBLnFZh%2FnDobeN&nvMid=5661375371&catId=50006631
ANF 램 홀리스틱 올라이프 스테이지 중간 입자,"19,400원","급여대상 : 퍼피, 어덜트, 시니어, 임신/수유, 대형견|주원료 : 닭, 양, 곡물, 과일/야채, 생선/해산물, 쌀|등급 : 홀리스틱(1등급)|기능 : 뼈/관절강화, 피부/털개선, 저알러지, 면역력강화, 종합비타민,",https://cr.shopping.naver.com/adcr.nhn?x=f%2F4GXcKUTlxveWQ5t7KURv%2F%2F%2Fw%3D%3DsCwuCEHvVnktWy1I%2FUQNA8AXM1piqFBSJNJq1a68EfyhlGdNXJVGMma6fxPhl2bEjjmjEfFPJ3a4SBwSa%2Fve3Oa%2Bh1kKKBZUG4ukY8qmwwNnDpmNu2Rs3tEPrV0ZTODsb7JQtrMqSgEftbsAH7BzOjqpw4eJqZ75UcSnlLXYFvGAgb2enKkNOT3Ez%2BBc9cjXFndvs7qbN0ImJA4WXCLp1Xt9%2BKy%2Fm0d%2BgYWHtEf61Jo5CNclKwvLyA%2Fys%2F%2FHPPajLWGoXZ6ahbd7TOYgVMMo90KiWbaU6chX8GzwGhBdl9NkQfJpFrUd2%2Frs%2FOfouiYK%2FmOYOJ5vhk8FNAfP%2FAT3X6VEF9Kfe%2B5fB7W8fg9aTf5arilkDeG%2B1rLU11UaeFf3disext5K2yYkF868rsMDqiaa1FlgHTVS%2BMwl1kf8TRumC%2Fi7jdwKPVoHnGeRD9R5jSo0adg%2FaZAYXCXaj0Al5EyIXOoaAnNpMbGULdMaLwUDzvAJ45bNtMdC93%2BbyqjtsC0r%2BUmM4rOUlXYgQF%2BmvETyEMz7QSlX8KQOUbfuyFDkqkvbXWnsmxh6WGDFTVEaroNSr%2FugQY1ZZcW8aAOt1oU13U0sYef1lmMvf%2FiKzy54f%2BpldIJrmXXZNhWTu%2Fl%2FWY5ZG%2BToq9nVOES%2BK2FxbqE%2FAJcUmJF2ix%2Feizcr9afXy0KfhboEwCOebqamV24MsevyxDnwp%2BNflRqxObYmaGAN%2BQsjK6V0FLd%2Fybx7qcubNSE3OzZUT76KyqzckASmm&nvMid=31200005620&catId=50006631
ANF 6FREE PLUS 양고기 쌀,"12,900원","급여대상 : 퍼피, 어덜트, 시니어|주원료 : 양, 고구마, 과일/야채, 생선/해산물, 쌀|등급 : 유기농|기능 : 영양공급, 뼈/관절강화, 저알러지, 다이어트/중성화, 면역력강화, 종합비타민, 소화/장기능개선, ,",https://cr.shopping.naver.com/adcr.nhn?x=S0PRUbFUwV364C%2FpEG1Fs%2F%2F%2F%2Fw%3D%3DsbAGbN2bAkwZH6s%2BAPEmpPnQSJr74Rk7iz7BG5525qNEoD1VJ3M%2FrQZgbsN2n%2BGF6YqF6rsFr7j3s9C2rPTWHLUaVrrRB0xvoUcLESnYNtaJD4P%2Bj2CVvS6QkrpszyaIo6sGkobrHOLjdQ9PfNparAEqtBZVhB0HO8RLbH2nM7mCMJk%2BynEuGAKx%2BVv466oAL20yV%2FBR6fq7cHQNz4%2Bu%2B74ZnlrSZr8PDPdBCvs8uWtdeJxHcKH4rYUhc5SxvGs%2FQzpa%2BlhYPs%2FcoZagIOJswJKjdy8qO%2FVNabEgqYJCNq1ZTr3BcYiUeVkDnn43ddm7l9NlBzrc2zEiDK7K5EbEOlsJvbdNgZnX6XAiOOiMQ1cI9BMLJ8TWBnpSfrR6JFCSowc%2B%2FjkR2vl%2B%2B%2B%2F%2BVPNlrhUQ6cpKTqlmYGalnAZlcEQ0HS%2BRK6thVMpOVMzM0JFjyOiSHso0SSRvAEEo5QU4QStPO0TitE%2Bl29DqMI7xZ8saJHKpIOxaGXlApFiMcTXG5IjbxAMh%2B10%2BjmxnveZkXVPxWS2BtmEn8QgFTDE8wWctAs9W0XKLIXLnquazedePx5hab8jqiPs2CpA2hsHoklQOMvKmZP1IvnVhv%2By5bEDqeUpmWRjQRx0AvTE8geMd1%2FT9cRxpb0ICQIPgIZ2yqsz5etR7TzzaQozz87xKXX5mcvLAEXpM93KseLmlLJCRWDVCYCaeglF2rgr1u2OQIzQ%3D%3D&nvMid=18877490749&catId=50006631
ANF 독 홀리스틱 연어 귀리,"8,900원","급여대상 : 대형견|주원료 : 곡물, 과일/야채, 생선/해산물, 연어, 쌀|등급 : 홀리스틱(1등급)|기능 : 냄새제거, 영양공급, 피부/털개선, 면역력강화, 눈물개선/눈건강, 종합비타민, 소화/장기능개선, , , ,",https://cr.shopping.naver.com/adcr.nhn?x=xj54NBAaKAz4pEKtZNXimv%2F%2F%2Fw%3D%3DszqMb6CjFBnCtBnwCmkSs8fbLR87bvoCNGPkTZ3Kgv2koD1VJ3M%2FrQZgbsN2n%2BGF6OC6Mm8jaoYK64PWuGkQcq4526HEKRgZgOdODRs2PQBpD4P%2Bj2CVvS6QkrpszyaIo6sGkobrHOLjdQ9PfNparAEqtBZVhB0HO8RLbH2nM7mCMJk%2BynEuGAKx%2BVv466oAL20yV%2FBR6fq7cHQNz4%2Bu%2B74ZnlrSZr8PDPdBCvs8uWtdeJxHcKH4rYUhc5SxvGs%2FQGui32pDlfWzCD8Anbz2Z96jdy8qO%2FVNabEgqYJCNq1ZTr3BcYiUeVkDnn43ddm7l9NlBzrc2zEiDK7K5EbEOlsJvbdNgZnX6XAiOOiMQ1cI9BMLJ8TWBnpSfrR6JFCSowc%2B%2FjkR2vl%2B%2B%2B%2F%2BVPNlrhUQ6cpKTqlmYGalnAZlcEQ0Meshb8Zcdi8bpPcxEP6wDOiSHso0SSRvAEEo5QU4QSnoNhJyTjSYxcYBjIcm0e%2F12ZM4BJti7gvXKz06jx8H3IjbxAMh%2B10%2BjmxnveZkXVMFhXLh9dZLXf4c%2Fk0GmiEjrDWU0N1bdDLInHwPsijFc1%2FX36M1s7Yfbgu9brZXbBy7rf5s5DdTDUFK8mUeOviWMxlcg%2Fn6EEagSl2NgrHOe%2BgtF15PMkmjkNDmi88yMRaVSGIGV1b4mJN83dQXJUrE1q1PIOQ2Foi%2FcGjaH8nf6DhLBwu%2FFQS5xWYf5w6G3jQ%3D%3D&nvMid=30627375625&catId=50006631
ANF 독 홀리스틱 치킨 귀리,"8,250원","급여대상 : 대형견|주원료 : 닭, 곡물, 과일/야채, 생선/해산물, 쌀|등급 : 홀리스틱(1등급)|기능 : 냄새제거, 영양공급, 피부/털개선, 면역력강화, 눈물개선/눈건강, 종합비타민, 소화/장기능개선, , ,",https://cr.shopping.naver.com/adcr.nhn?x=GenvxeXu3Mz1z5OMzYDfdv%2F%2F%2Fw%3D%3DsKzYrMeAgmENR1iYT7YZm3CkcbwPFcD3av6KSbiinpr2EnHjmePWYmLXPM2%2BiQxIFgDWvyifAhp7vjhdyzun2Z8duWRKe2cLgMY8AgqkJhKiAbCY81f975eS5nfR25FBiI1ODi9hUm3Sq0pLB9du%2BPoTxx6fJtI8KuFejG0AZPZ7UYn0jCzUBpuC6OqPcasrQTZ0TPRXSYOil2JrpmJ%2FJ7Mv%2BjB2erv%2BZ%2Brrs5VHOiTQgGE7%2BZatKjf5hEf1XctkKT5dYQ3go%2Fy1cBWLEVjTBfpdNmlFi%2FBgeuY7C%2BBLsfY4TSSdaAcEDBljsWm2U0MV1UT1vDLjPtC3mYeiMRbVeWdGkAi%2FjhgOhwQb00xtirxyrCRdUxvA177jl0VodmokhNUJnit2TyE8yh3GxJ0fiPPXdB5AxxzmlAV8B5vo4ag7kMNC%2BR0lXF0m%2BcERs1Uu5WRwr29M5T34BWpVvrODbSwnKwxY9Ogb8oUXjc7OGQA6%2FMCCSVfcBdMPwpnGAbXG6RvpNtP5VR%2BGIxasRw22QyxP3nW2u1Fw5dZwMiCmZqfCiKM6I596dpesQmDipKdyw5hab8jqiPs2CpA2hsHoklf7YToU6xVPtf8VBTCoAR6hRQ%2BSir7CWpZkTpmTiT5MaLBnkb7GsX8XdOoK5aByLe4RdN61yIVLuiTjbB%2FGUkOmqFGdTV0u%2FLSvMki751tosBq7h9PA5SrIXrcWPClBGWw%3D%3D&nvMid=30627703619&catId=50006631
ANF 램 홀리스틱 올라이프 스테이지 큰입자,"20,900원","급여대상 : 퍼피, 어덜트, 시니어, 임신/수유, 대형견|주원료 : 닭, 양, 곡물, 생선/해산물, 쌀|등급 : 홀리스틱(1등급)|기능 : 뼈/관절강화, 피부/털개선, 저알러지, 면역력강화, 종합비타민,",https://cr.shopping.naver.com/adcr.nhn?x=qv7%2Fwey2fL3Fl%2FcAUQ%2BsaP%2F%2F%2Fw%3D%3Ds3Iqnh2jZmAV6S6Y6j9G42prf%2FprPvKTmOIrjc8JuLXiEnHjmePWYmLXPM2%2BiQxIFHAnFHPposfCJebCytb31qnS7DS5Poe%2B4I5GMWG62UBSAbCY81f975eS5nfR25FBiI1ODi9hUm3Sq0pLB9du%2BPoTxx6fJtI8KuFejG0AZPZ7UYn0jCzUBpuC6OqPcasrQTZ0TPRXSYOil2JrpmJ%2FJ7Mv%2BjB2erv%2BZ%2Brrs5VHOiTQgGE7%2BZatKjf5hEf1XctkKGp5Hq73D8vCYbVe6ZDAtCpdNmlFi%2FBgeuY7C%2BBLsfY4TSSdaAcEDBljsWm2U0MV1UT1vDLjPtC3mYeiMRbVeWdGkAi%2FjhgOhwQb00xtirxyrCRdUxvA177jl0VodmokhNUJnit2TyE8yh3GxJ0fiPJ%2FBUmNh6KhGWknEKwK2LDLGnFFfsxy%2FoqrdIa4JrlptWRwr29M5T34BWpVvrODbS%2F4RvFpHpta%2FxqDnie0lRzV8OuOGy%2FTQOrD1rPdiK3QgiKa1GhyqCwW0AC6j3FpkqoWfA9QZcPus%2F8yekXGg86nZBRY1BWXh1dUz%2FTt4vbC%2Fw03CKHgrLBqIYvBZBQWAHlkOx7K3iM3EfnM2rOu9lk2e0vIq%2FH%2F9hpOQKM0S880EQQGIvAr%2BiYL2qdveZ70WfI6%2F74bs%2FzNmznhIO5N5zjXTOQnjfYv6tG%2FPqIoc%2F2%2FHCmyB8exFBA8%2F60L5iQHTSGhopkeKUdu5q4dSKA0zkoA%3D&nvMid=31199389618&catId=50006631
ANF 유기농 6프리 연어,"26,990원","급여대상 : 퍼피, 어덜트, 시니어, 임신/수유, 대형견|주원료 : 닭, 곡물, 고구마, 과일/야채, 연어, 쌀|등급 : 유기농|기능 : 영양공급, 피부/털개선, 눈물개선/눈건강, 종합비타민, 소화/장기능개선|",https://cr.shopping.naver.com/adcr.nhn?x=BG1Nd5QqpUppSKgjx6PMFP%2F%2F%2Fw%3D%3DsHqy0HDIIpmWcMZbJTzQ6TaEpePFaT3ecW1QLGy2sKySEnHjmePWYmLXPM2%2BiQxIF0VGxOvrnvimJ4wt8vTMa2qpYRvDylYzIiir7DaGFKJCAbCY81f975eS5nfR25FBiI1ODi9hUm3Sq0pLB9du%2BPoTxx6fJtI8KuFejG0AZPZ7UYn0jCzUBpuC6OqPcasrQTZ0TPRXSYOil2JrpmJ%2FJ7Mv%2BjB2erv%2BZ%2Brrs5VHOiTQgGE7%2BZatKjf5hEf1XctkKmnOGZadx5whur9O9qWK4vpdNmlFi%2FBgeuY7C%2BBLsfY4TSSdaAcEDBljsWm2U0MV1UT1vDLjPtC3mYeiMRbVeWdGkAi%2FjhgOhwQb00xtirxyrCRdUxvA177jl0VodmokhNUJnit2TyE8yh3GxJ0fiPKDo0WaX3YpddC2Ck3eSGpE6qhWOGgBdIIjpoG9IE%2FCTWRwr29M5T34BWpVvrODbS6fz3%2B4xlVxmSt61OtWvhrMLrOsamngGmhJsfT13%2FKU5KUHBP62lG2lpgYdxvXCDn%2FgyJViaGDM%2BmHWSKtbaFeKQr2aAAN%2BKMzz8AWDQl3syYNEpnmZbI97xr4GZdukdfQVftGi5r8ewm6teijV7N3CIDf9TYDOC4LzgCehLsur5KVuzQXa7r%2F5Z34rSU9udtNCDEU7Xs08pv%2BAD%2FzcBEz3HICEQpPL7Rm%2B2fyhjEhHR&nvMid=31161384625&catId=50006631
ANF 그레인프리 독 칠면조와 병아리콩,"24,800원","급여대상 : 퍼피, 어덜트, 시니어, 대형견|주원료 : 닭, 칠면조, 곡물, 과일/야채|등급 : 그레인프리|기능 : 영양공급, 피부/털개선, 면역력강화, 종합비타민, 소화/장기능개선, 항산화",https://cr.shopping.naver.com/adcr.nhn?x=oHoptNF5Em6JB5yPgWe%2Fg%2F%2F%2F%2Fw%3D%3DsZQ%2B%2BQeFS79YaMd31VM36xcoSEmsRfrtqYmT35kGbIKIoD1VJ3M%2FrQZgbsN2n%2BGF6BvxisFLdA%2BueHEbRysmmY1zhh5HVQpbMe6zqotv9UlRD4P%2Bj2CVvS6QkrpszyaIo6sGkobrHOLjdQ9PfNparAEqtBZVhB0HO8RLbH2nM7mCMJk%2BynEuGAKx%2BVv466oAL20yV%2FBR6fq7cHQNz4%2Bu%2B74ZnlrSZr8PDPdBCvs8uWtdeJxHcKH4rYUhc5SxvGs%2FQ%2Fog8DI07rr2yl9KKWiferKjdy8qO%2FVNabEgqYJCNq1ZTr3BcYiUeVkDnn43ddm7l9NlBzrc2zEiDK7K5EbEOlsJvbdNgZnX6XAiOOiMQ1cI9BMLJ8TWBnpSfrR6JFCSowc%2B%2FjkR2vl%2B%2B%2B%2F%2BVPNlrhUQ6cpKTqlmYGalnAZlcEQ2nOAgL57yI9O1oLXzNQ4GeOiSHso0SSRvAEEo5QU4QSqRyw0Ca5cxpA%2B%2FiiiMj7PQfMzNG61ZosIKMc6xvClOnIjbxAMh%2B10%2BjmxnveZkXVMkPIkY3ja7wXX8E0rclgCnF%2BGXP9hqanUHDpGJ5BGbEZsWBcq%2BSwe4BjmPt7p68raOuInwfQ1XmfH35WvRpRXYQhK2%2BQfESvTQcd0NP7vK%2BD3QPbDZ%2FrI2hX%2FLA9fk3FfoLRdeTzJJo5DQ5ovPMjEXDsQ7G2FnO3ddn2mkBmyadGy99SWMnqgVMQ5KXh5fAVMtVYavx%2B%2B8fWZa9SBc8rqM%3D&nvMid=27583802527&catId=50006631
ANF 그레인프리 독 연어와병아리콩,"34,400원","급여대상 : 퍼피, 어덜트, 시니어, 대형견|주원료 : 과일/야채, 연어|등급 : 그레인프리|기능 : 영양공급, 피부/털개선, 면역력강화, 종합비타민, 소화/장기능개선",https://cr.shopping.naver.com/adcr.nhn?x=jA7MLq4TZatcAPlKnHT0%2B%2F%2F%2F%2Fw%3D%3DsjrefiCbp8lGoEJGJDWYx5IvnsF7vlEcVrLIWArp7HjNlGdNXJVGMma6fxPhl2bEjTQgMNlNCocLJkydpZkvzJ5DIxA71Fwx4cCKP342s8enDpmNu2Rs3tEPrV0ZTODsb7JQtrMqSgEftbsAH7BzOjqpw4eJqZ75UcSnlLXYFvGAgb2enKkNOT3Ez%2BBc9cjXFndvs7qbN0ImJA4WXCLp1Xt9%2BKy%2Fm0d%2BgYWHtEf61Jo5CNclKwvLyA%2Fys%2F%2FHPPajLbh1G%2Bw305UrVdg4GOWCxd6iWbaU6chX8GzwGhBdl9NkQfJpFrUd2%2Frs%2FOfouiYK%2FmOYOJ5vhk8FNAfP%2FAT3X6VEF9Kfe%2B5fB7W8fg9aTf5arilkDeG%2B1rLU11UaeFf3disext5K2yYkF868rsMDqiWUFZRB1ex9OS8lmdMqIKvgc3QsZ3Vf8K7cQpOtj4h9fSo0adg%2FaZAYXCXaj0Al5E0WZZwJRQ5US3fSTDzFP4i3A74yyfNlK7FhNU%2B7ReWUKC0r%2BUmM4rOUlXYgQF%2BmvEc%2FdnTx1pfRacII3tAt%2BZWyQO9RKzjvTL4i0YKGDVH05wg8DmvW18Tr1THeA55sFiu%2F27NSP1jmz0aPW5mEgcuxg%2BoEt0n%2Fz3LpZkU1Y9zgA71tqtWQablf%2F77SlIExh55zL34TnED%2B9V9ZIUNi4c7eqYAltAi39Zxvh%2BfMhTTXIb1NmOoRBMBsXNQGXzjfbC%2BFUQB%2FrDAzm2q1KHRsHkfE%3D&nvMid=27584856523&catId=50006631
ANF 네이처스키친 피모건강 레시피,"15,000원","급여대상 : 퍼피, 어덜트, 시니어, 대형견|주원료 : 닭, 오리, 고구마, 과일/야채, 연어|등급 : 그레인프리|기능 : 영양공급, 피부/털개선, 저알러지, 종합비타민, 식욕증진(기호성), 항산화",https://cr.shopping.naver.com/adcr.nhn?x=bsqyv%2FenuwYyheYX4AEQif%2F%2F%2Fw%3D%3Ds2HzlmWX6XvtRrrIepi8KO32Xm7iygbuLg8wNRsgBDv0oD1VJ3M%2FrQZgbsN2n%2BGF6F6HUXhDgbkdPR%2BxH5SzIkrRtrEXhSO4KJXd%2Fuhst5VhD4P%2Bj2CVvS6QkrpszyaIo6sGkobrHOLjdQ9PfNparAEqtBZVhB0HO8RLbH2nM7mCMJk%2BynEuGAKx%2BVv466oAL20yV%2FBR6fq7cHQNz4%2Bu%2B74ZnlrSZr8PDPdBCvs8uWtdeJxHcKH4rYUhc5SxvGs%2FQcfDLEb1AazL5DypyLzes1qjdy8qO%2FVNabEgqYJCNq1ZTr3BcYiUeVkDnn43ddm7l9NlBzrc2zEiDK7K5EbEOlsJvbdNgZnX6XAiOOiMQ1cI9BMLJ8TWBnpSfrR6JFCSowc%2B%2FjkR2vl%2B%2B%2B%2F%2BVPNlrhUQ6cpKTqlmYGalnAZlcEQ0iPtEKGjxVafXUgCtZd5HFOiSHso0SSRvAEEo5QU4QSrOTrxLHGENEDqcH2DQzSJ0UhIgY1Rjn9SOy7uOUg%2FigIjbxAMh%2B10%2BjmxnveZkXVM42w6s5yZ2%2FmQLTY1dbSme4queH39PH%2BqmwgZTsirtaY6HChjufctecMn1LuoEmEZ2CrRXsMebm%2Bzz74qs3LyPduoZeGf%2BI7itQEWPe3e3XDXhtEvO4rcd30i7inLeMih1zOkKCHX0mgsToTtV6BITGPwkTu5DWQ%2BhJPdeEdPG7MGeVWQvzxKCGGW11Ex31Z0HQIiXcF4qwUXZ2sX76wW8%3D&nvMid=26086557522&catId=50006631
ANF 유기농 6Free 양고기,"42,900원","급여대상 : 퍼피, 어덜트, 시니어, 임신/수유, 대형견|주원료 : 닭, 양, 곡물, 과일/야채, 연어, 쌀|등급 : 유기농|기능 : 영양공급, 뼈/관절강화, 피부/털개선, 면역력강화, 눈물개선/눈건강, 종합비타민,",https://cr.shopping.naver.com/adcr.nhn?x=ezjt2o5aOFQXJxuSVm%2BNdv%2F%2F%2Fw%3D%3DskSyRiguXZMotCzwC8%2BgZ4FkInqlg9fYZlArnlWBpM0plGdNXJVGMma6fxPhl2bEjzC1m%2FLdsg5vZzA6FurybVkQFPTZSlMnmkmphCdvbnKvDpmNu2Rs3tEPrV0ZTODsb7JQtrMqSgEftbsAH7BzOjqpw4eJqZ75UcSnlLXYFvGAgb2enKkNOT3Ez%2BBc9cjXFndvs7qbN0ImJA4WXCLp1Xt9%2BKy%2Fm0d%2BgYWHtEf61Jo5CNclKwvLyA%2Fys%2F%2FHPPajLkHttMwqW8FUDBhL3PSJLHKiWbaU6chX8GzwGhBdl9NkQfJpFrUd2%2Frs%2FOfouiYK%2FmOYOJ5vhk8FNAfP%2FAT3X6VEF9Kfe%2B5fB7W8fg9aTf5arilkDeG%2B1rLU11UaeFf3disext5K2yYkF868rsMDqiemu8qPAyQoHnfLhQFvTaPNj6De%2BePM8twmeu9FWwwmaSo0adg%2FaZAYXCXaj0Al5EzLz1frAnU06xkd0LMpso%2FTXTDzD4iVmHk6i8IhnrMssC0r%2BUmM4rOUlXYgQF%2BmvEaP7faklMWTVd%2FxwH9X13rR6bl9IFjMOpvpi%2BnkEtxmw7%2Fbs1I%2FWObPRo9bmYSBy7NolBWL1lvBTrpmHNUa22MLvW2q1ZBpuV%2F%2FvtKUgTGHn2CQW75E89IRwgQlbgSOm3pzBLHS1UCCr34PG9fxFXVU%2BbZXZYuPSgt%2B%2B1dICr2M%2BDVCYCaeglF2rgr1u2OQIzQ%3D%3D&nvMid=31200163621&catId=50006631
ANF 네이처스키친 체중조절 레시피,"15,000원","급여대상 : 퍼피, 어덜트, 시니어, 대형견|주원료 : 닭, 과일/야채, 쌀|기능 : 영양공급, 다이어트/중성화, 종합비타민, 식욕증진(기호성)|입자크기 : 작은 8mm 미만",https://cr.shopping.naver.com/adcr.nhn?x=I744p%2Bn2uFoREdtSrVl0hP%2F%2F%2Fw%3D%3Dsbe2%2FxYMYcgsyajdJtlw5cehsz4rqeIXw6XKtwHMhSARlGdNXJVGMma6fxPhl2bEj4yStiGHEIRETkd4oDFIKdfnBv3WGUVkPtnRyFcH7u%2B%2FDpmNu2Rs3tEPrV0ZTODsb7JQtrMqSgEftbsAH7BzOjqpw4eJqZ75UcSnlLXYFvGAgb2enKkNOT3Ez%2BBc9cjXFndvs7qbN0ImJA4WXCLp1Xt9%2BKy%2Fm0d%2BgYWHtEf61Jo5CNclKwvLyA%2Fys%2F%2FHPPajLwjwK8aEfDvZ07hp7Jb%2Fr96iWbaU6chX8GzwGhBdl9NkQfJpFrUd2%2Frs%2FOfouiYK%2FmOYOJ5vhk8FNAfP%2FAT3X6VEF9Kfe%2B5fB7W8fg9aTf5arilkDeG%2B1rLU11UaeFf3disext5K2yYkF868rsMDqiajPBT25uy%2BWaDgwVZGDfq6dXi3a%2Bme21fDLBC%2BWzohpSo0adg%2FaZAYXCXaj0Al5E2hN2cFGY6p0wR%2FGhzOCM56f7IdaXS7%2BD%2Fn7IrY2%2BvHiC0r%2BUmM4rOUlXYgQF%2BmvEaMNoJzb%2Fhxus9tixmdcODK5zk%2FLQ%2FWE3DV008cn%2FZArq3hvmqZTmfsZwhcDBmiIge%2F27NSP1jmz0aPW5mEgcuynH9S52ycI0PE%2BOFjUUBmf71tqtWQablf%2F77SlIExh55J%2B8YHhuPHSkMYz%2FSHClZKac7ql8HlH7W%2FlZYAotXZfPm2V2WLj0oLfvtXSAq9jPg1QmAmnoJRdq4K9btjkCM0%3D&nvMid=26086659522&catId=50006631
오리젠 피트앤트림 독 강아지 사료,"26,500원","급여대상 : 퍼피, 어덜트, 시니어, 임신/수유, 대형견|주원료 : 닭|등급 : 그레인프리|기능 : 저알러지, 다이어트/중성화, 종합비타민, 두뇌발달, 항산화|입자크기 : 보통 8~13mm|",https://cr.shopping.naver.com/adcr.nhn?x=ax0cUx8%2Ft%2B1ch7vLFDFCYv%2F%2F%2Fw%3D%3DsqkmYFvM6p8Oo%2BUF2OHUlrxjZD%2F0%2FF%2FignnbBmfUi6IoY4AcstM9sjUTTDPerbpya5nYIcXYNUMTOx9LfuRcVJdhtJ2x1RqxPJWSQ93yltqbL%2Fowdnq7%2Fmfq67OVRzok0AngyjeKUxND52W9uasfeDkx37wuW3MIJj1joO0GjJRYmIXFSe8UXqVpf2%2BeL8EW65%2F4cHTxrAsrNd3%2FFeJzfosi30QtKP1mA7BYZPpxeJLexWvZfe2todmJfmpbNrXnqYkMfPSXY3ynOf%2FtbeQ%2BDb3S7JUdQyH1AtN0N9o%2BC3JMHHpwJTiAzUUo8CARXvh%2B%2Bm1BUauT18S0KW6k8SWFrmIVGij%2FhuRBqMhk4H5r%2BF1Uc8zjfWkzP3aNiNs%2FcrdgJB7P9jx5KZr1oy9qstZx7mzHFb4sNw1VoH9JVx5C46U1hV64yqMiKE0%2BdVoq9R9eHZCKbS5IZXjkbKBm9wVCukGoYrSssMDkzVFBZjG58VUTfhZqPM6JDfxcdWTp8PkMjSrGiurM74EaOV%2BVwtR51sitE7bFG%2BfpoVqaqNFQRB%2F%2FXoAifTLvH3nb72%2FKy5qZQNBu9rv3GgOo4p6NngG0i7%2BmgceYW31fEhekz8CAj1ig3TI3PjUEJi4j8YV5%2FGqS1DWrhHEcp0p%2F%2FKKziu53PdEZH8m7ujmFkGVuQJ%2FW3DyU2%2BZKuXvhifNhTqZPJqTL25Hv1T%2FoDPeAT2ZD%2BWCfnsQ%3D%3D&nvMid=16312611873&catId=50006631
오리젠 스몰 브리드 독,"29,950원","급여대상 : 퍼피, 어덜트, 시니어, 임신/수유, 대형견|주원료 : 닭, 칠면조, 과일/야채, 생선/해산물|등급 : 프리미엄(3등급)|기능 : 영양공급, 식욕증진(기호성)|입자크기 : 보통 8~13mm",https://cr.shopping.naver.com/adcr.nhn?x=67Wn0LLIKskNNned%2BX99e%2F%2F%2F%2Fw%3D%3DskJSDhbGOtiFqH7QlhzR7tVpPNewiquYUwDU3e18BfqtPdRzgwdof5iO4lixtGQo5gEEvDOzxWlPh%2FW2nxKzP1f4aa%2Fv2S%2FC2g%2F0Rinj9vEq54J8UO7LDGXdPU9Do8oyM%2BUMsZr7MfVU%2B4cFbJufs9UdNNzPEVm7DZ70Ii6OnLmo3Iq7KX1UhhNVQC1S3vxUUI7TOe3FVFlgd9M8496fl0sOmY27ZGze0Q%2BtXRlM4Oxvl48pn4Dvz5Q0UPYVKcm4hXP9ijpyw1jC7s%2BKT69UR%2F%2Bog5yOKmz2vqX64rPUsGGnxP0XKaKkXV3EBNOC5ytHeRmZRx%2F4Muh68gRUQerYEJXJbeZ%2BpWbkbBj6BsYcuo1nffisv5tHfoGFh7RH%2BtSaOAFJNLWxG%2Fj2gEfGb7GroeCvMfqtCNpsLh4u4JtBURtdiuNUkRn7arP%2F9Tvb770WyRQU%2FV78J5PLhMLEQRL3CfhFscZBWezKSxIyS4wv%2FH1LdcKGS8K3v9HOi3wvF0LzmjUdZkgtPoP3XJehObf2Vs8FLVNAwTAsD4IINAb1pb0KjriJ8H0NV5nx9%2BVr0aUV2DFJFXoCNfFrRpzcmtBWyriHFzGU%2Bke1s%2BaxdpPk5L8b6C0XXk8ySaOQ0OaLzzIxFC%2BFTrPV00S83Lu2187%2BtSNP4Q4eMEtJa1GS2waEPGXSFbDf4gHI5rSMJU1BWcIOg&nvMid=31243263618&catId=50006631
오리젠 어덜트 오리지널 독,"5,250원","급여대상 : 어덜트|주원료 : 닭, 칠면조|기능 : 영양공급, 눈물개선/눈건강, 면역력강화, 다이어트/중성화, 피부/털개선|입자크기 : 보통 8~13mm|단단한 정도 : 하드",https://cr.shopping.naver.com/adcr.nhn?x=Ec6APbN%2BisdMxynxL7iri%2F%2F%2F%2Fw%3D%3Ds8IVlObj0beXV%2FFSggRhwul1BqrzbDD0BsS47kKfxpUAY4AcstM9sjUTTDPerbpyay1VR7plrASuLdEnNLmLOP5RY1SOE1hUKr3AQjnoYpXbL%2Fowdnq7%2Fmfq67OVRzok0AngyjeKUxND52W9uasfeDkx37wuW3MIJj1joO0GjJRYmIXFSe8UXqVpf2%2BeL8EW65%2F4cHTxrAsrNd3%2FFeJzfosi30QtKP1mA7BYZPpxeJLexWvZfe2todmJfmpbNrXnqlpWop66oLSFwMS9Ocbh8lHS7JUdQyH1AtN0N9o%2BC3JMHHpwJTiAzUUo8CARXvh%2B%2Bm1BUauT18S0KW6k8SWFrmIVGij%2FhuRBqMhk4H5r%2BF1Uc8zjfWkzP3aNiNs%2FcrdgJB7P9jx5KZr1oy9qstZx7m8oy6v2cqm4ikl6IaQIpveGkMIEQg3oOeegaHLajncnmZCKbS5IZXjkbKBm9wVCukK%2FnG%2Fcjdu8sJS9LeB9ZlYulUD2mf4Xp8eHHmF5ymBEISrGiurM74EaOV%2BVwtR51sqyM46KS3fK9ANAtLFa2uND7KTGhR%2B0B09pRtBMf56v5nYKtFewx5ub7PPviqzcvI1pAW79dF0N5O4OhVzQVSFZJIxyR3ke0wpDvowv%2FmpIxyMRKY036vKJ6UZX3NwIa3t1Or%2BN4HitnDQVBIwBjC1vkBX5VeMOl%2BgBdeo%2ByhW8yBq7h9PA5SrIXrcWPClBGWw%3D%3D&nvMid=20035078021&catId=50006631
오리젠 퍼피 라지브리드 강아지 사료,"61,600원","급여대상 : 퍼피|주원료 : 닭, 칠면조|등급 : 홀리스틱(1등급)|기능 : 영양공급, 피부/털개선, 저알러지, 면역력강화, 눈물개선/눈건강, 소화/장기능개선, 식욕증진(기호성), 체중유지, 심장건강|",https://cr.shopping.naver.com/adcr.nhn?x=qPrEutABY46%2BMi9WE6z%2Fav%2F%2F%2Fw%3D%3DsGqIcMwKVVsoxMpELYDp0EsiGtkQ4dcf1y6TnZf%2F%2B0qkY4AcstM9sjUTTDPerbpyanJ5wShkG3aJ3xhHI2ucEYE0Mv5EhGqbfdgegCEIRo4fL%2Fowdnq7%2Fmfq67OVRzok0AngyjeKUxND52W9uasfeDkx37wuW3MIJj1joO0GjJRYmIXFSe8UXqVpf2%2BeL8EW65%2F4cHTxrAsrNd3%2FFeJzfosi30QtKP1mA7BYZPpxeJLexWvZfe2todmJfmpbNrXnqEQQD2rf53yWt06kENQNZEHS7JUdQyH1AtN0N9o%2BC3JMHHpwJTiAzUUo8CARXvh%2B%2Bm1BUauT18S0KW6k8SWFrmIVGij%2FhuRBqMhk4H5r%2BF1Uc8zjfWkzP3aNiNs%2FcrdgJB7P9jx5KZr1oy9qstZx7m32z6wxul0x%2F0EWxD7TAIpRpNiyBMdFCfrSEAB4iIL4ZZCKbS5IZXjkbKBm9wVCukGoYrSssMDkzVFBZjG58VUTPud6DdTBdR4Golw6nRu4tSrGiurM74EaOV%2BVwtR51stGUhUIQM9l08szH1Rd1wctNPU664ZTmj5gAMYGwH7xEK9tsOAtDdP2W7HUQozQtzu%2F27NSP1jmz0aPW5mEgcuzT37fwYPQ6CJeDXn5CL6wT71tqtWQablf%2F77SlIExh5%2BNvL2VUnloO7AtIj%2Bdd5xyDJHcnt1z5TSXFoCHQ8AjgA35CyMrpXQUt3%2FJvHupy5s1ITc7NlRPvorKrNyQBKaY%3D&nvMid=16312602627&catId=50006631
네츄럴코어 에코6 센시티브 솔루션 연어 작은알갱이,"8,570원","급여대상 : 퍼피, 어덜트, 시니어, 대형견|주원료 : 오리, 곡물, 고구마, 연어, 쌀|등급 : 유기농|기능 : 냄새제거, 영양공급, 피부/털개선, 저알러지, 다이어트/중성화, 면역력강화, 눈물개선/눈건강, , ,",https://cr.shopping.naver.com/adcr.nhn?x=MeHi3TvTEw4tDP6zBM2CVP%2F%2F%2Fw%3D%3DsdDyImsv7vmmh2a3a13kp2TVKh7upqndm5g8GWTo735GEnHjmePWYmLXPM2%2BiQxIFFug70wyoCzv8fUYMUgN2bhbUk6i0KCRB2kClzXdLgGtVXemfpmeX70wC2wQT5nyiBte2Da%2BcRSMmzTx7XU%2B5wLtxD4UQTmUqpgGP7ewmhvkRyzZ8tFTHDnZRP1sSQv8oJBGMX4IDOeulasfmPAYR7UPg%2F6PYJW9LpCSumzPJoiiI9aZyW4hhCgmcrsQhWGWGC4m%2FfyHKx7CuURAa4j8n2ZdNmlFi%2FBgeuY7C%2BBLsfY4TSSdaAcEDBljsWm2U0MV1UT1vDLjPtC3mYeiMRbVeWdGkAi%2FjhgOhwQb00xtirxyrCRdUxvA177jl0VodmokhNUJnit2TyE8yh3GxJ0fiPAT4oN5SDkIET5q%2B53lSsYaay%2F1S9TjQvAzVfFbcpByrlR9%2BsFapW2lINDnoWOEt674HQmYrlBwVbMfgaCZe5jlwSg6kyzFGNPGl5RMWi85ND766yhqB4eSlx2t0fDQN8H4i4Ls8rrOpvaGedkJEqtDpQRiJYSgtR%2FmylP58TBhVnCzqzv%2FmsrtTzqsljPCLIwowY2mBxSx1l2AtNl5VAMGF3mlCcszSlP5HwREbnwuNzJQj0saSUrDsmxctV8vpsY6%2F74bs%2FzNmznhIO5N5zjX8Mqsbjh3iZZ5iJuFvqgNn4tFgLZn06KQ7Z9Fbaox%2FYMtVYavx%2B%2B8fWZa9SBc8rqM%3D&nvMid=6004983678&catId=50006631
네츄럴코어 유기농 에코4 센시티브 슬림다운 전연령용,"8,890원","급여대상 : 퍼피, 시니어, 대형견|주원료 : 닭, 오리, 곡물, 고구마, 과일/야채|등급 : 유기농|기능 : 냄새제거, 영양공급, 뼈/관절강화, 피부/털개선, 저알러지, 다이어트/중성화, 면역력강화, , , , , ,",https://cr.shopping.naver.com/adcr.nhn?x=rcMFLv55eh8nH04r4Vw3Kv%2F%2F%2Fw%3D%3Ds%2FVtAV2t%2BhEDFwTN3f8sOTvOwmfFOzr7f3kWLpesmNReEnHjmePWYmLXPM2%2BiQxIFQOP%2FFjwXVcratQ%2F0sC2rUhMAC%2BxvKS0u%2FRhyVQcQF%2BlVXemfpmeX70wC2wQT5nyiBte2Da%2BcRSMmzTx7XU%2B5wLtxD4UQTmUqpgGP7ewmhvkRyzZ8tFTHDnZRP1sSQv8oJBGMX4IDOeulasfmPAYR7UPg%2F6PYJW9LpCSumzPJoiiI9aZyW4hhCgmcrsQhWGWG8ScqLy%2By4qe0YlOCb7VKfJdNmlFi%2FBgeuY7C%2BBLsfY4TSSdaAcEDBljsWm2U0MV1UT1vDLjPtC3mYeiMRbVeWdGkAi%2FjhgOhwQb00xtirxyrCRdUxvA177jl0VodmokhNUJnit2TyE8yh3GxJ0fiPEOy2HRqjJmk10rqj5m3hjImiQsjLiFKQdhpatY28i%2BJlR9%2BsFapW2lINDnoWOEt6xm%2BxCwxGG3WF%2Fe%2FnbNqB9dafojOva7WaBpqJc%2FIksTxKUHBP62lG2lpgYdxvXCDn0tH5Bes5XJUsV1471QdVQ5PcWlDCDEhOUxMY%2BtozYl8qJsunzFytTsM2B9Xi7%2BOgITM8jsoznf%2BLMzdU3R4FnRCk8%2FfFuydX3KUezCHjhtLabBERBR2aXE%2BB6xzlKwiWBGk4XMJtozo5T3u6g%2BJ%2BOvBplaCn6aF3GE5xnDrW3lNEm2VzCicbelx3DpTCv6Mdc2OqH9l6YII5ugOGfB4CYY%3D&nvMid=6214148840&catId=50006631
네츄럴코어 베네 M50 S입자,"12,590원","급여대상 : 퍼피, 어덜트, 시니어, 임신/수유, 대형견|주원료 : 닭, 곡물, 고구마, 연어|기능 : 영양공급, 뼈/관절강화, 소화/장기능개선|입자크기 : 보통 8~13mm|단단한 정도 : 소프트",https://cr.shopping.naver.com/adcr.nhn?x=uagcJc1x4RObDW3Z4BWVVv%2F%2F%2Fw%3D%3DsYb2kJHnbJ%2BPspHN0%2FMZFxQ8Q89dMwETDCk4lyXlMw0UY4AcstM9sjUTTDPerbpyamoxfDeC%2FoebxhRTcm%2BuBHHoGI4htb%2BIJVK6eX1z6Z4TDpmNu2Rs3tEPrV0ZTODsb7JQtrMqSgEftbsAH7BzOjt0rjxa8k0GUFzqUZD2CNyc1MdK4Qf7ox787ng18YXEEf%2FT0KYi8ZWcSZ6jtqiI4vN9%2BKy%2Fm0d%2BgYWHtEf61Jo5CNclKwvLyA%2Fys%2F%2FHPPajLr%2BCFKhPVXNs%2B%2BALxQG8nXaiWbaU6chX8GzwGhBdl9NkQfJpFrUd2%2Frs%2FOfouiYK%2FmOYOJ5vhk8FNAfP%2FAT3X6VEF9Kfe%2B5fB7W8fg9aTf5arilkDeG%2B1rLU11UaeFf3disext5K2yYkF868rsMDqiXqAS1oK5rxEo2xl%2BmfENI9caPpzYZx1%2BcA03%2FTC4HdySo0adg%2FaZAYXCXaj0Al5Ey0CP4Etd99VgHgsKoVvuCbxnpPrnHpBLiTdgZMbWuvzC0r%2BUmM4rOUlXYgQF%2BmvEbRIyGKZYbHVGmCDI%2FiWlzp7%2B%2BWkIup47JhoHRrGz21W7vkaO61CeL11tL4nY7zjKGRRtLNQ0Uxhn07qALzgRmUSzxwVRNV%2FYRemZK5z1sCE7r8XztzYAKVznKLtIrluhc4okjyA72CSolDzBBNlbKNoaKZHilHbuauHUigNM5KA&nvMid=14798628922&catId=50006631
네츄럴코어 네츄럴 코어 치킨 연어 애견사료,"36,590원","급여대상 : 퍼피, 어덜트, 시니어, 임신/수유, 대형견|주원료 : 닭, 연어, 기타|등급 : 유기농|기능 : 영양공급, 뼈/관절강화, 저알러지, 면역력강화, 눈물개선/눈건강, 소화/장기능개선, 체중유지, ,",https://cr.shopping.naver.com/adcr.nhn?x=5e3n3BAUOFH4jrk38tvdYv%2F%2F%2Fw%3D%3DsC4IHmopJd%2B%2BGxPoQzxjZvBqNpIlzZQVLkpWlHh39FAgY4AcstM9sjUTTDPerbpyaYGmS1b37hQxz0EpGl%2Bta%2BPpZElVzS%2BRM1j2983xD2cnDpmNu2Rs3tEPrV0ZTODsb7JQtrMqSgEftbsAH7BzOjt0rjxa8k0GUFzqUZD2CNyc1MdK4Qf7ox787ng18YXEEf%2FT0KYi8ZWcSZ6jtqiI4vN9%2BKy%2Fm0d%2BgYWHtEf61Jo5CNclKwvLyA%2Fys%2F%2FHPPajLnn9MQnZ0S1JLWfLHl9z9HaiWbaU6chX8GzwGhBdl9NkQfJpFrUd2%2Frs%2FOfouiYK%2FmOYOJ5vhk8FNAfP%2FAT3X6VEF9Kfe%2B5fB7W8fg9aTf5arilkDeG%2B1rLU11UaeFf3disext5K2yYkF868rsMDqia2A9cSNrAWoW%2BTPRxYgZT5b7wwuXQbQmakyvDaRmkr%2BSo0adg%2FaZAYXCXaj0Al5E8b%2Bd0ntyztrHuYEUjlgHQSgMhtNR4TV4hck769N3aT5C0r%2BUmM4rOUlXYgQF%2BmvEVhTFf3L3S9iMqfxTExOfJsbYl%2Bd%2BXGkcs4n8Hi4LO4O74zfSawkB9y2eqDcynnDGuYWm%2FI6oj7NgqQNobB6JJW0Tvp%2FaHIB0zSDdpuCentQkFH13JtU8XGbYntqdK9R8MjESmNN%2BryielGV9zcCGt4tJojE5KAqhd66FmidtbPjR%2FSj1l%2B8OOkh2z2SVdWbbgau4fTwOUqyF63FjwpQRls%3D&nvMid=20880964236&catId=50006631
네츄럴코어 센시티브케어 밀웜 사료,"11,680원","급여대상 : 대형견|주원료 : 곡물, 고구마, 과일/야채, 생선/해산물, 쌀|등급 : 유기농|기능 : 냄새제거, 뼈/관절강화, 피부/털개선, 저알러지, 면역력강화, 눈물개선/눈건강, 종합비타민, , ,",https://cr.shopping.naver.com/adcr.nhn?x=B4wjS5BujsYsTKuV4Iw1wv%2F%2F%2Fw%3D%3DswM0vt2RRHOCMRgEC9vnCmCtdQvL%2FPdW6fu7SygJeJRIY4AcstM9sjUTTDPerbpyaqY6D2MrcUHlybN%2BcVuvOPsYayVt0RVB4NinEFwlzqi3DpmNu2Rs3tEPrV0ZTODsb7JQtrMqSgEftbsAH7BzOjt0rjxa8k0GUFzqUZD2CNyc1MdK4Qf7ox787ng18YXEEf%2FT0KYi8ZWcSZ6jtqiI4vN9%2BKy%2Fm0d%2BgYWHtEf61Jo5CNclKwvLyA%2Fys%2F%2FHPPajL%2FCfrH1R4637oMryJoYAx5KiWbaU6chX8GzwGhBdl9NkQfJpFrUd2%2Frs%2FOfouiYK%2FmOYOJ5vhk8FNAfP%2FAT3X6VEF9Kfe%2B5fB7W8fg9aTf5arilkDeG%2B1rLU11UaeFf3disext5K2yYkF868rsMDqiWvPBpdKSm8WvOuXw9tHejkRXhgRNQmjsB%2FoBO2smxQASo0adg%2FaZAYXCXaj0Al5E1Tv5XyDl8BSUDmPphb8FNG70hagH%2BaO1ccH7OebBnAbC0r%2BUmM4rOUlXYgQF%2BmvEcRw4Xvu4Z%2FVbHTpxtGd2iGc5OLa7zTqJZvE3i0folHao64ifB9DVeZ8ffla9GlFdnYVJYBHibTdMRPkET1yiUhMb%2Bph4Dtva4iJuZpnqfcW%2BgtF15PMkmjkNDmi88yMRc84wO3JBJZocESmM%2BG4pIzDhWuAr9aK4KT37PFWTULYhWw3%2BIByOa0jCVNQVnCDoA%3D%3D&nvMid=29425387620&catId=50006631
네츄럴코어 에코 1 램 양고기 작은알갱이,"10,100원","급여대상 : 퍼피, 어덜트, 시니어, 대형견|주원료 : 양, 곡물, 고구마, 과일/야채|등급 : 유기농|기능 : 피부/털개선, 저알러지, 눈물개선/눈건강, 소화/장기능개선, 항산화|단단한 정도 : 소프트",https://cr.shopping.naver.com/adcr.nhn?x=X99kBdWJhE3d2zCIAnWjwP%2F%2F%2Fw%3D%3DsscT863MUW0OAlWw9eelrafK%2Bd5IhZoF1%2BjXKa3xgLfYY4AcstM9sjUTTDPerbpyagN%2BRXFAxj8AuFGgTXIXdVnBXzFiskowGjXB%2BY94JazrDpmNu2Rs3tEPrV0ZTODsb7JQtrMqSgEftbsAH7BzOjt0rjxa8k0GUFzqUZD2CNyc1MdK4Qf7ox787ng18YXEEf%2FT0KYi8ZWcSZ6jtqiI4vN9%2BKy%2Fm0d%2BgYWHtEf61Jo5CNclKwvLyA%2Fys%2F%2FHPPajLX0VPrZMsWKeYjyJKZYxk46iWbaU6chX8GzwGhBdl9NkQfJpFrUd2%2Frs%2FOfouiYK%2FmOYOJ5vhk8FNAfP%2FAT3X6VEF9Kfe%2B5fB7W8fg9aTf5arilkDeG%2B1rLU11UaeFf3disext5K2yYkF868rsMDqiTTz8CBAy6km30jY6jlK8R79eBT%2BhPUP47xxIeitCJtbSo0adg%2FaZAYXCXaj0Al5E0moVPMm87O5viZSeUaE1p%2FVcXbgZNaRSNXn%2BRwKwV9LC0r%2BUmM4rOUlXYgQF%2BmvEV8Lt3vTlPKYC3MEnrQru9uJ4JsHeglLrtJmSijymKQRwVcYzeAOnTNtqQLk5N7WKaelgk3VxeqkSSV9nKIdciDnIwM58dsJa6hEBLg%2FXT%2F9DWrhHEcp0p%2F%2FKKziu53PdEHltKoPm4YtQ5HoZ0BSQR%2BTUVGKZPfl7wAPrQWPlztQV3OdHgSE8LoEjTx9zpNPbFaRsOtQUnaEEbxBoHxZXOc%3D&nvMid=11853139581&catId=50006631
네츄럴코어 에코1 양고기 강아지사료 큰 알갱이,"59,120원","급여대상 : 퍼피, 어덜트, 시니어, 대형견|주원료 : 양, 곡물, 고구마, 과일/야채|등급 : 유기농|기능 : 영양공급, 뼈/관절강화, 피부/털개선, 저알러지, 눈물개선/눈건강, 소화/장기능개선, ,",https://cr.shopping.naver.com/adcr.nhn?x=yCFn6YExQC9q2PeMaPHD1%2F%2F%2F%2Fw%3D%3DsD89FZ4SJp7qvOkdkF2OE0bCeO%2B6LpzYGkrEohSaeUm%2BEnHjmePWYmLXPM2%2BiQxIFs21j5RaJlTsHQrIjpsZpzhT2s4QH8wxoKrxv7%2BtbMD%2BAbCY81f975eS5nfR25FBiI1ODi9hUm3Sq0pLB9du%2BPpJVSVn11Pnz2UTeNIvac1HrLOpGml9wtlI3XIXP4tjnL8RRgrUF6DHbkRDf0NluAsv%2BjB2erv%2BZ%2Brrs5VHOiTQgGE7%2BZatKjf5hEf1XctkKW8JsUerwiNRCV9xPyNWWS5dNmlFi%2FBgeuY7C%2BBLsfY4TSSdaAcEDBljsWm2U0MV1UT1vDLjPtC3mYeiMRbVeWdGkAi%2FjhgOhwQb00xtirxyrCRdUxvA177jl0VodmokhNUJnit2TyE8yh3GxJ0fiPJwyQ%2B0wvEhDY7VJBaR0GtCzixvJhAH5oYvscX%2FwsXdvWRwr29M5T34BWpVvrODbS4wB3tb4eNSD18IWAqp1E1x8OuOGy%2FTQOrD1rPdiK3QgD766yhqB4eSlx2t0fDQN8AfRgWaDNe1m6bTZvwkia1kg%2BshPZ13ajaBgLjtEViDR8gtT7IZ41FzVv1Xj8oPHQ52CrRXsMebm%2Bzz74qs3LyNzXi0tTXZ6upC1ar3I%2FGNtO%2FkZfsg5dVBvDHbgsZH2TXkijoU%2BAtrPunlNwhpGXZ3zFP9nnTEDZPKmHhQQDJPbATQoBoZyaGMgPFeI9gEXDQ1QmAmnoJRdq4K9btjkCM0%3D&nvMid=31840098618&catId=50006631
네츄럴코어 에코 2 오리고기 작은알갱이,"10,100원","급여대상 : 퍼피, 어덜트, 시니어, 대형견|주원료 : 오리, 곡물, 고구마, 과일/야채|등급 : 유기농|기능 : 영양공급, 피부/털개선, 저알러지, 면역력강화, 눈물개선/눈건강, 소화/장기능개선, , ,",https://cr.shopping.naver.com/adcr.nhn?x=HhSuduUftf%2Bo%2BJlCHlsu8P%2F%2F%2Fw%3D%3DsuXRlI6CHEoWpYANWvXxQ1Mtt75lW%2BpOfW8pUWBA5enMY4AcstM9sjUTTDPerbpyaREMeIBM%2Ft5xVjlD4jdFUGQr5T0xLtGt2GEF0bx4P5n7DpmNu2Rs3tEPrV0ZTODsb7JQtrMqSgEftbsAH7BzOjt0rjxa8k0GUFzqUZD2CNyc1MdK4Qf7ox787ng18YXEEf%2FT0KYi8ZWcSZ6jtqiI4vN9%2BKy%2Fm0d%2BgYWHtEf61Jo5CNclKwvLyA%2Fys%2F%2FHPPajLK7zv0jzVVka0dCKAx0fLiKiWbaU6chX8GzwGhBdl9NkQfJpFrUd2%2Frs%2FOfouiYK%2FmOYOJ5vhk8FNAfP%2FAT3X6VEF9Kfe%2B5fB7W8fg9aTf5arilkDeG%2B1rLU11UaeFf3disext5K2yYkF868rsMDqibLFCikDOb2zkdAgwskmvVb51pOeTj6Slrz1QiMBNG2ISo0adg%2FaZAYXCXaj0Al5E429lydBN%2FeCzW76iKONdzRYjeD5PBT6xdSkx2wa7p5XC0r%2BUmM4rOUlXYgQF%2BmvEYyDTaodY9xmGndXf3T8%2B9PPB%2Fm1WF4raFsAMvtpsimg37NYnbj%2Fpp3FSirGJh5eD5dVT59wXMO1ksaMTf5k1dqpR5artHGfLjPwD%2FvDTFW3iA3%2FU2AzguC84AnoS7Lq%2Ba7IIAVLfU2sZOnnxPzYa4ikN9pakSuYbtaS%2BfLWRYaI5Hv1T%2FoDPeAT2ZD%2BWCfnsQ%3D%3D&nvMid=11857765392&catId=50006631
네츄럴코어 베네 M60 강아지사료,"51,600원","급여대상 : 퍼피, 어덜트, 시니어, 임신/수유, 대형견|주원료 : 닭, 양, 곡물, 과일/야채, 생선/해산물|등급 : 홀리스틱(1등급)|기능 : 치석제거, 냄새제거, 영양공급, 뼈/관절강화, 피부/털개선, 저알러지, , , , , , ,",https://cr.shopping.naver.com/adcr.nhn?x=k5M6JCkIY6NM7w6x1RvhK%2F%2F%2F%2Fw%3D%3DsNUb%2BtiApNkYBHPCGWUtgiT%2Fnj%2F720d8Q36robY%2FUvh4Y4AcstM9sjUTTDPerbpyaVBsf93mUCy8dErTd8HI7dMnJoHDqgX4Yrbgfl9Gc3h%2FDpmNu2Rs3tEPrV0ZTODsb7JQtrMqSgEftbsAH7BzOjt0rjxa8k0GUFzqUZD2CNyc1MdK4Qf7ox787ng18YXEEf%2FT0KYi8ZWcSZ6jtqiI4vN9%2BKy%2Fm0d%2BgYWHtEf61Jo5CNclKwvLyA%2Fys%2F%2FHPPajLSVXu53NRdBKSqOnEo2%2Fo1aiWbaU6chX8GzwGhBdl9NkQfJpFrUd2%2Frs%2FOfouiYK%2FmOYOJ5vhk8FNAfP%2FAT3X6VEF9Kfe%2B5fB7W8fg9aTf5arilkDeG%2B1rLU11UaeFf3disext5K2yYkF868rsMDqiZfgd2f6l%2FfpokmoGmOP45VxFKS2%2B4xC35vpN5gXQ7XnSo0adg%2FaZAYXCXaj0Al5E7hO364cA9yVD5DLdoM5eIaDYnMQHdhQ6foHG1GnKgZ4C0r%2BUmM4rOUlXYgQF%2BmvETDzNj0W9%2FW4hCce%2BrmWJUe9uv87fLnPd2p3YtNPQX%2BsroNfZwZ9Rey1n9CwQjdqABP%2FETQV%2FSEykmVmaE91EJ3wvJs1S7fmJGHdlQ1D0W%2B6oWGf4SP5DfOI3upP%2Fm38l9p5WjZchTgMYKLbqb0e4X15rbBLSHcGXBZwQ3qh%2BZCCUuTPLMBN8lSPgY4bLSb%2FNAau4fTwOUqyF63FjwpQRls%3D&nvMid=16041503632&catId=50006631
네츄럴코어 센시티브케어 베지 사료,"10,890원","급여대상 : 대형견|주원료 : 곡물, 고구마, 과일/야채, 쌀|등급 : 유기농|기능 : 냄새제거, 영양공급, 저알러지, 면역력강화, 종합비타민, 소화/장기능개선, 항산화|입자크기 : 보통 8~13mm",https://cr.shopping.naver.com/adcr.nhn?x=vYeJUIZc%2FI1wXnRr9SMwoP%2F%2F%2Fw%3D%3DswBIGGW6AQI%2FxoIi9ZfbjqZYVCkac9VzFRtahwojvhuSEnHjmePWYmLXPM2%2BiQxIF8QmIVNMl8TAxVlvXLIfAPCwkC6ZuSMAGB720xRvewbmAbCY81f975eS5nfR25FBiI1ODi9hUm3Sq0pLB9du%2BPpJVSVn11Pnz2UTeNIvac1HrLOpGml9wtlI3XIXP4tjnL8RRgrUF6DHbkRDf0NluAsv%2BjB2erv%2BZ%2Brrs5VHOiTQgGE7%2BZatKjf5hEf1XctkKShp%2FyWIVxhutCGx0U613U5dNmlFi%2FBgeuY7C%2BBLsfY4TSSdaAcEDBljsWm2U0MV1UT1vDLjPtC3mYeiMRbVeWdGkAi%2FjhgOhwQb00xtirxyrCRdUxvA177jl0VodmokhNUJnit2TyE8yh3GxJ0fiPCAOOI4h6uQpkx3iAPuC3AiM6Ijtflip2Z3nv87AEZwZWRwr29M5T34BWpVvrODbSzZx9e242YyLyjnmJ1MHouFzcHzLRI%2BWbjJHXipa2RgOSP4COKD%2FI7tHZjrcCfPmzAk4GPLiM5ox6Sd0ES3QayLHTLWry7JhoQYetqLI42RwsT9JLXg7fRcHo7g2STDUToASZeClbGEYLn4Y38Z5fa0EuAUchQqVTbg5qT2WsqTzhTj8Nm2pwYInjXfttSFW1bQ3b1UT0G%2FmZVm2hbFl7HE0HEmFOnZgu%2FaCOV2UeYnrgqgOvq6z5EpEI5N2xav1Mg%3D%3D&nvMid=29425397621&catId=50006631
네츄럴코어 에코6 센시티브솔루션 연어 큰알갱이,"17,480원","급여대상 : 퍼피, 어덜트, 시니어, 대형견|주원료 : 오리, 곡물, 고구마, 연어, 쌀|등급 : 유기농|기능 : 냄새제거, 영양공급, 피부/털개선, 저알러지, 다이어트/중성화, 면역력강화, 눈물개선/눈건강, , ,",https://cr.shopping.naver.com/adcr.nhn?x=djmXM27TAttK0qJEq%2FY%2FGf%2F%2F%2Fw%3D%3DsYND289Ss%2Bvfrjvy3oMmcMg57IXgfPggjlnnU4M8fPo0Y4AcstM9sjUTTDPerbpyaQ2UYNcdu4ODOMpbWjyZ%2FtJQN5uUkbkPEk%2FlmHxPWJUXDpmNu2Rs3tEPrV0ZTODsb7JQtrMqSgEftbsAH7BzOjt0rjxa8k0GUFzqUZD2CNyc1MdK4Qf7ox787ng18YXEEf%2FT0KYi8ZWcSZ6jtqiI4vN9%2BKy%2Fm0d%2BgYWHtEf61Jo5CNclKwvLyA%2Fys%2F%2FHPPajLtzVQfOsdthVTokkpwqbeO6iWbaU6chX8GzwGhBdl9NkQfJpFrUd2%2Frs%2FOfouiYK%2FmOYOJ5vhk8FNAfP%2FAT3X6VEF9Kfe%2B5fB7W8fg9aTf5arilkDeG%2B1rLU11UaeFf3disext5K2yYkF868rsMDqiWUTzZcacSSWJGqc6vlAqeblDEvQ1ADT5KRQjlHj4cTPSo0adg%2FaZAYXCXaj0Al5E%2Fj23jwSH89D%2FKix25AYka%2B%2FoS6X0SGsKb65QL52Z9lcC0r%2BUmM4rOUlXYgQF%2BmvETXkdCLJrs5FzjBC17vm2Jsq%2Fdi9UJG1lX4nmXGU8bdwNPX39%2BYxTrIlVOcZerdNiF3wCtFVlaIUknaqtp6SY%2FbadGfAWM5osKyNUuYRPvEI8q72OFwSVaIZusGPpFSI2I6%2F74bs%2FzNmznhIO5N5zjVJb2D%2F1KAI4kD4z3KWwK5wCmyB8exFBA8%2F60L5iQHTSGhopkeKUdu5q4dSKA0zkoA%3D&nvMid=24182390526&catId=50006631
마이펫닥터 시그니처 유기농 스킨컨트롤 피부 사료,"26,590원","급여대상 : 퍼피, 어덜트, 시니어, 임신/수유, 대형견|주원료 : 오리|등급 : 유기농|기능 : 피부/털개선, 저알러지, 면역력강화, 눈물개선/눈건강, 항산화|입자크기 : 보통 8~13mm|",https://cr.shopping.naver.com/adcr.nhn?x=OFmsw8fLaoYa%2BrJdwnN2of%2F%2F%2Fw%3D%3DsinONhJrk%2BU6kq5UPhnYFvC%2F9JbKgbo7%2FRY4eIW0XUkeyJ4Gm3H2W7kevqtUltqj5uK9y%2Fgo46RKtzpOywsNI1idhMC%2FE143bDeDtPXZ96jPOSrM%2F1Fo9sxFu1cn7UKJpfQysP0TxgFR9PmaSkx1v7UPg%2F6PYJW9LpCSumzPJoiiI9aZyW4hhCgmcrsQhWGWG6iab5W9nhHqomfrV%2FwH0k7WI8mX1i1clDaWZdoOYNMFGZlHH%2Fgy6HryBFRB6tgQlhHZuMuY3uuNECaj57P%2B6SauKWQN4b7WstTXVRp4V%2Fd2Kx7G3krbJiQXzryuwwOqJZlOre2vJfZIsbjOYYg8dUTQtoRVOA3SBtuXdtxZ2fR5KjRp2D9pkBhcJdqPQCXkT8DXDP9JsMbHRdsbIz8tw30weU3iUmwF7ISdKQaOSih0LSv5SYzis5SVdiBAX6a8Rn%2BYEmr%2FwZ4fVPxvUK1lUUko9kwpGReTjeaOXgoLl2YFjw0780SwWluO2kjE1utCgnNNZ1acnBN2j%2Br3gEh5vQBj3l7A3wpkMIokqEqvGyAnvMdgST3NAgkgDOmwnQq4bYnHIcETcJifOE8sb44IMxfO5dvTtk45aIdpR%2F0GSFGhG4wZmrAYOyaCBjez5NSUYzY6of2Xpggjm6A4Z8HgJhg%3D%3D&nvMid=21174349916&catId=50006631
마이펫닥터 시그니처 유기농 알러제닉 눈물 사료,"17,000원","급여대상 : 퍼피, 어덜트, 시니어, 임신/수유, 대형견|주원료 : 연어|등급 : 유기농|기능 : 저알러지, 눈물개선/눈건강, 종합비타민, 소화/장기능개선, 항산화|입자크기 : 보통 8~13mm",https://cr.shopping.naver.com/adcr.nhn?x=FJZrcLMeIUr%2FM7gOcN3mkv%2F%2F%2Fw%3D%3DsctMUq7ocNkjXG4aBWuDUI0vhs7g6n%2BREAdrWJqoPhKvB2M9R4tZB2xZQm%2BnmuuKnfu%2F1MhtGWb3Yzlu%2Fhi0LWd2qe%2FYR9KAvgP35y0atXOCTrEniX90Jy2PB9nFrPZQWq0yuGaqKSOXkVy7GC6LPDsi30QtKP1mA7BYZPpxeJLexWvZfe2todmJfmpbNrXnqTpfS2fcY%2BnFFxoxJ3aUE6%2Bf4c1SJcHha2RWCO5TMypqwkQxNMyITBhIzb9xaLLLd4sSYHBvF3FtYz8%2BHm%2FJZIcI%2BG%2F2T2VRDPDuQRnvA%2B%2BTBz7%2BORHa%2BX777%2F5U82WuFRDpykpOqWZgZqWcBmVwRDW5UygnZRSszLewEcve8M6A6JIeyjRJJG8AQSjlBThBKS9iYUf9Kwic4mvoFY%2Bl40hhOBfAQlwdZ%2BfcCbIo5aZ0iNvEAyH7XT6ObGe95mRdUi8HYpaTg8yKKO950QMoU2lTamURVRLr5k2w7GST1flNzzCTxHGOIFijAyftUzzeTnNNZ1acnBN2j%2Br3gEh5vQMQE2V7TBMcXufaPTUMfFCNA2RGtk2lgkvZirOzHLEQvYnHIcETcJifOE8sb44IMxRUu2F3pmRuce3QiQzvz6QoKHNwKOlmp%2B5PTVrmRYpAhzY6of2Xpggjm6A4Z8HgJhg%3D%3D&nvMid=26406266522&catId=50006631
마이펫닥터 시그니처 도그 푸드 슬리밍 컨트롤 다이어트 사료,"27,490원","급여대상 : 퍼피, 어덜트, 시니어, 임신/수유, 대형견|주원료 : 오리|등급 : 유기농|기능 : 다이어트/중성화, 처방식, 종합비타민, 체중유지, 항산화|입자크기 : 보통 8~13mm|",https://cr.shopping.naver.com/adcr.nhn?x=lmeuTOu%2F5vCVDkWCHsP9uv%2F%2F%2Fw%3D%3DseOxzCpWfcXB41x6MC6RMCjo2jmS8bWaW%2FtKJ3e%2Bpd3%2FB2M9R4tZB2xZQm%2BnmuuKnq7vWg%2FtIUy%2F0v9ig4uDYxN2qe%2FYR9KAvgP35y0atXOCTrEniX90Jy2PB9nFrPZQWq0yuGaqKSOXkVy7GC6LPDsi30QtKP1mA7BYZPpxeJLexWvZfe2todmJfmpbNrXnqCAd5JIHMT9oq4h%2BoyEh3POf4c1SJcHha2RWCO5TMypqwkQxNMyITBhIzb9xaLLLd4sSYHBvF3FtYz8%2BHm%2FJZIcI%2BG%2F2T2VRDPDuQRnvA%2B%2BTBz7%2BORHa%2BX777%2F5U82WuFPW%2FWhsws%2BmqKZySCwtxb%2F7DOlHLAhWqpDvymA9fCclQ6JIeyjRJJG8AQSjlBThBK8LSexkizwjLkGJZTR9xUsee2NwjbhrbBXdmzkUZrWkwiNvEAyH7XT6ObGe95mRdUi8HYpaTg8yKKO950QMoU2jC17FY10d0Vr4rQB76Bvg6ONQ%2F3arPb72DYDNR5gbGc4LiPFBufyrhTDPTXHb6am8CQbMmJqaiqBvJmowKB30JvAcTKDW7rS25gTTEyYAfr4QHa5CFS5Ihj3xvePQbnBIgN%2F1NgM4LgvOAJ6Euy6vnR60qcmvWn9%2BfzUF%2Bzlox9YrEltkw6oNMxqlXNbZ9zH8cgIRCk8vtGb7Z%2FKGMSEdE%3D&nvMid=21140789867&catId=50006631
마이펫닥터 유기농 강아지 위장 사료,"16,000원","급여대상 : 퍼피, 어덜트, 시니어, 임신/수유, 대형견|주원료 : 양|등급 : 유기농|기능 : 영양공급, 저알러지, 소화/장기능개선, 식욕증진(기호성), 항산화|입자크기 : 보통 8~13mm|",https://cr.shopping.naver.com/adcr.nhn?x=jEsOpGoeZcqVgj%2FLdym07v%2F%2F%2Fw%3D%3DsBRZFgYsXg30UNKDOf0kBLNEnIRO3QeilQQEHAiCizSiyJ4Gm3H2W7kevqtUltqj5lJ53AneYVL4JfQrKPX01qidhMC%2FE143bDeDtPXZ96jPOSrM%2F1Fo9sxFu1cn7UKJpfQysP0TxgFR9PmaSkx1v7UPg%2F6PYJW9LpCSumzPJoiiI9aZyW4hhCgmcrsQhWGWG%2BcFWq5rKbOrHu3CVfRKRZbWI8mX1i1clDaWZdoOYNMFGZlHH%2Fgy6HryBFRB6tgQlhHZuMuY3uuNECaj57P%2B6SauKWQN4b7WstTXVRp4V%2Fd2Kx7G3krbJiQXzryuwwOqJvVh3OGo7zYAU6ZOe4K5rqhkJRw4tQ4VlmvjbGfSFrT9KjRp2D9pkBhcJdqPQCXkTmGDOpyMBHFDlWFkqxGWJ5QHjSyuABNG1g9qrBkF%2Bg8MLSv5SYzis5SVdiBAX6a8R3%2FQhphw0xgGOZ5HAcrCONqlrROl9bmhRXtyFZwaBAn01JiZPBwAQIRXo0pXwb%2BBWB9Kt8KZXuXwsKM83Ek4m2zJZSbb39%2BOhgyHgA0hruV2Ov%2B%2BG7P8zZs54SDuTec41y%2Fn1VwP5dMKlxsQtj6T%2BrE%2BP2qNxOCYyyqWoUDo1yu%2FLVWGr8fvvH1mWvUgXPK6j&nvMid=27714913522&catId=50006631
마이펫닥터 인섹트 더 제로 강아지 알러지사료,"21,580원","급여대상 : 퍼피, 어덜트, 시니어, 임신/수유, 대형견|주원료 : 기타|등급 : 그레인프리|기능 : 영양공급, 저알러지, 면역력강화, 종합비타민, 식욕증진(기호성), 항산화|",https://cr.shopping.naver.com/adcr.nhn?x=7%2FMSR9lYmk3W3RlNjJUWJv%2F%2F%2Fw%3D%3DswH%2BRmYMaYGHw3Z8t4UyoO%2FcqG2iF%2Fh9jGoh%2FuPJRgOKyJ4Gm3H2W7kevqtUltqj5iLwg0eyM72BeRZL5kGpB1idhMC%2FE143bDeDtPXZ96jPOSrM%2F1Fo9sxFu1cn7UKJpfQysP0TxgFR9PmaSkx1v7UPg%2F6PYJW9LpCSumzPJoiiI9aZyW4hhCgmcrsQhWGWGfLuqxa9n6CH7oq0xSDJ90rWI8mX1i1clDaWZdoOYNMFGZlHH%2Fgy6HryBFRB6tgQlhHZuMuY3uuNECaj57P%2B6SauKWQN4b7WstTXVRp4V%2Fd2Kx7G3krbJiQXzryuwwOqJcJB0DWd8l396TgjIJiGLX2MF%2FUSyTG54acHDsX7jG7FKjRp2D9pkBhcJdqPQCXkTgGGlHNzaC428gWpb29rutk%2FZyStzCcVKojzVEf1X1qYLSv5SYzis5SVdiBAX6a8RHEr5dlYwM2K9WTf08wyi8J7d3kjqPNWKmUuT0M7ryoK1bEaq6YZyBM9kdp4ZMHlouwP9L0j7YvHB2OKNn2rLcIONcf9L1PbYTXS4%2B5M%2BjPEJxGf89ucr1z4AG%2B9ydPmqASIbJJHJxstflUn134TkkMJXp1pjcFSEoJOjGN9jCPO9MyxTbDe2t48EcdEHwj98gqgOvq6z5EpEI5N2xav1Mg%3D%3D&nvMid=26405132522&catId=50006631
아카나 어덜트 스몰브리드 건식사료,"20,000원","급여대상 : 어덜트, 대형견|주원료 : 닭, 칠면조, 생선/해산물|등급 : 홀리스틱(1등급)|기능 : 영양공급, 뼈/관절강화, 피부/털개선, 저알러지, 면역력강화, 인도어, 소화/장기능개선, , , , ,",https://cr.shopping.naver.com/adcr.nhn?x=PSv3wqEbKyxbHYTVLSdOZv%2F%2F%2Fw%3D%3DsorSMELrIWFZD4uwszt%2B2zCGHx%2BA72p%2FAWF%2FPtD3hv4KEnHjmePWYmLXPM2%2BiQxIFeWTRk6ZSeziqxKZQx6mfhhLRBxq6WwlsSkDIfUVMfj9VXemfpmeX70wC2wQT5nyiBte2Da%2BcRSMmzTx7XU%2B5wOHkPOjHUpd6URnnpiJE%2F8ypydBKDQX3lkrW6VHNPZr24DGORePeeDAIF%2FIRlo5QoEPg%2F6PYJW9LpCSumzPJoiiI9aZyW4hhCgmcrsQhWGWGPFNZw1mTCh0uWxWvvKJV0EBHHlcN9CuJK8Y7xqydTYVSgcMocFSO1%2FMsc3pegC3AsJEMTTMiEwYSM2%2FcWiyy3agy%2F4PRSoeVcrOZ6AecXHsycoBTxqbnB1ZiKVa68Pkiwc%2B%2FjkR2vl%2B%2B%2B%2F%2BVPNlrhVV0SOZhnH5hf62NKuHW%2FULVij2n2yQy88buuQuSut8SZCKbS5IZXjkbKBm9wVCukNEu8N1gJnOFuV3v7x8uX4ursZcPLY3VVVI8TCUqA7K7SrGiurM74EaOV%2BVwtR51shpwHKtxSM8xaUdtbdLqiQnhNJ1ugn8Mwv7zv9127%2F%2FFwSIGRV6mPYbPiSKenABRZS41Xx8Pk5wrcBqCE7kd9BP6XFr8cccokhySPextq8tWT8AlxSYkXaLH96LNyv1p9ds%2B7nwUHUA7fz23ojqZXcNgWpzj0bcM1CHEGrqmEB0AA35CyMrpXQUt3%2FJvHupy5s1ITc7NlRPvorKrNyQBKaY%3D&nvMid=15989230773&catId=50006631
아카나 라이트 앤 피트 강아지 사료,"20,950원","급여대상 : 어덜트, 시니어, 임신/수유, 대형견|주원료 : 닭, 칠면조|등급 : 홀리스틱(1등급)|기능 : 영양공급, 뼈/관절강화, 피부/털개선, 저알러지, 다이어트/중성화, 면역력강화, 소화/장기능개선, ,",https://cr.shopping.naver.com/adcr.nhn?x=TfMEV92g0ktMTiEH%2FhIKrf%2F%2F%2Fw%3D%3DsKpZcH3rfUpxKHgWBPZ8EtQh2DHP7iAZksQqIJwzMKGWEnHjmePWYmLXPM2%2BiQxIFQQ1qSpJZOoiXFQvUtvyMyZa2hysJgqeHJSFOCKNxWiFVXemfpmeX70wC2wQT5nyiBte2Da%2BcRSMmzTx7XU%2B5wOHkPOjHUpd6URnnpiJE%2F8ypydBKDQX3lkrW6VHNPZr24DGORePeeDAIF%2FIRlo5QoEPg%2F6PYJW9LpCSumzPJoiiI9aZyW4hhCgmcrsQhWGWG4XGMiuLnfPRYStTmX67EjkBHHlcN9CuJK8Y7xqydTYVSgcMocFSO1%2FMsc3pegC3AsJEMTTMiEwYSM2%2FcWiyy3agy%2F4PRSoeVcrOZ6AecXHsycoBTxqbnB1ZiKVa68Pkiwc%2B%2FjkR2vl%2B%2B%2B%2F%2BVPNlrhQ0VnN45A6IiSX9iUZbfzyX%2FAjmniEGQWzCksSWbG2ULZCKbS5IZXjkbKBm9wVCukAarSOhK6YWpDzTjw9UhWIhzHQ%2BsPOjBu3H2XlZDJrZwSrGiurM74EaOV%2BVwtR51sqKz90pUqRm2R8As%2FzzTtHg02STwWr5cYCB9AVdQAYru%2FWjicdddyU64z3uj8R806R3KTxh%2F1ynw9sZH1yw5q2wRIpJgQOyEGA0n%2BYvMp31zramjBwCZI9AwCV4mCTWQmQkO2mecdLePuQraEVWfeigBXm5J7aR7hmSGkaPmM4yZVoWd0jB03C5aYq3HUc1IKtSSLJQZncWk8e8Ttfjz6Fs%3D&nvMid=15478395471&catId=50006631
아카나 퍼피 스몰브리드 건식사료,"12,000원","급여대상 : 퍼피|주원료 : 닭, 칠면조, 곡물, 과일/야채, 생선/해산물|등급 : 그레인프리|기능 : 영양공급, 뼈/관절강화, 피부/털개선, 면역력강화, 식욕증진(기호성)|",https://cr.shopping.naver.com/adcr.nhn?x=oADcP4OB739ZeiLGw3Lp6f%2F%2F%2Fw%3D%3DsbqZXNxQDPhiKam1SLUqiYVeCgOAC28YOuNnkAOoTB%2B1PdRzgwdof5iO4lixtGQo5JGJfS9hJc7tUclJUndWcE6d0GRuLFxDM%2BfqMQw09CQ%2B54J8UO7LDGXdPU9Do8oyM%2BUMsZr7MfVU%2B4cFbJufs9ay4WqPAR2ekxfIwTcbMLx3RlmuKWwtIxJihZnBa0Bwnjm5%2Fu%2BEBM5rfl1YG4OxfIcOmY27ZGze0Q%2BtXRlM4OxtFSICBvI1ATDFN58yC%2Fe2xfmDBIUZihzRVNAP70isfWeog5yOKmz2vqX64rPUsGGnxP0XKaKkXV3EBNOC5ytHeRmZRx%2F4Muh68gRUQerYEJX7zafF0hXB4lyX%2FPo1NvJKrilkDeG%2B1rLU11UaeFf3disext5K2yYkF868rsMDqid4CZ%2Bxxcz3zxTqXBJCXIwLCseE%2B4zaPBqZ49qAdPuqvV36ogsAbT2GMBHUreotiQEn4xJlNViGVuxtoGPNBzeS%2BCihCzHpZ1MsIrj34ew0iueUjEHzuGFwwN5t1eEmOzXlF7qUrQOxRt2YrabmCVmLfx5QmgUFmyXANAvNvA3OTZz3Bgm5qqtbYqjn9IMp3plpVzXEHisrzqRSynXrIRJ7NmDA1wX%2FreRj4nYvZXo5BEs8cFUTVf2EXpmSuc9bAhN9Yf1XNu7udKlyZ%2B5UTbSb1masYIdoCS05jnNI9%2B%2FIsaGimR4pR27mrh1IoDTOSgA%3D%3D&nvMid=20809125838&catId=50006631
아카나 패시피카 강아지 사료,"5,400원","급여대상 : 퍼피, 어덜트, 시니어, 임신/수유, 대형견|주원료 : 생선/해산물|등급 : 홀리스틱(1등급)|기능 : 영양공급, 뼈/관절강화, 피부/털개선, 면역력강화, 소화/장기능개선, 식욕증진(기호성)|",https://cr.shopping.naver.com/adcr.nhn?x=QIJmzx6Qpfl%2FnGHi41Ic%2Bf%2F%2F%2Fw%3D%3DsKqfWMEWaqoOgHkARThjXodCvTz5BcgZvQWsKtX74GJ%2BC02p3KBnPQkV5kj5lUgiUj1j7k8W0D9IYuJB%2Fi2PS%2BgRR8gnt%2B1dI%2BbnqDmiK0HDL%2Fowdnq7%2Fmfq67OVRzok0AngyjeKUxND52W9uasfeDg%2B%2BKXIUZ13tQ94%2FyV0DDLb7e6P6ZWSN9hIdv9RPSMloM8craRC5l0ZiwD64myZ0y8i30QtKP1mA7BYZPpxeJLexWvZfe2todmJfmpbNrXnqMQxeuRBpdSh5FX8xlTq67HS7JUdQyH1AtN0N9o%2BC3JMHHpwJTiAzUUo8CARXvh%2B%2Bm1BUauT18S0KW6k8SWFrmEZlxj%2BRh4ZdPM2O7Y9LlibsmX6IUHiYcK7LgoRSKSPMa%2BpHa6ewb0%2FDpcGez9%2B2Mmaf7oVVn%2BbTDsruUdhAA7usS%2BC9Km1oUOiNnw8JoK%2BDULwi9L40%2BwQ8nsPqaU2L%2Ftzqihz6QXreK%2B%2FtihsL8ZvFgrAyH6CPjYExqq9J9Cc1S13L%2FQM%2BCZuq6rpKOfI%2Bg1eIoueYXUrCIIWDCy0nIGbCw1TfmyrS6uB2ywURnH9guNDMGVVl4PxAO9sP%2BOs7JZ2CrRXsMebm%2Bzz74qs3LyPIX7xKpzQ6jddz41AQeaUwt%2B1JMkKBQjXA1VJBl5kV7H7bRQ%2FPmkTqZ6p6stckJhyo3VsfTqQ3PAYkjjunA%2F5kUuTPLMBN8lSPgY4bLSb%2FNAau4fTwOUqyF63FjwpQRls%3D&nvMid=15645175265&catId=50006631
듀먼 강아지 자연화식 소고기 채소 오리지널,"1,650원","급여대상 : 퍼피, 어덜트, 시니어|주원료 : 소, 고구마, 과일/야채|등급 : 그레인프리|기능 : 냄새제거, 영양공급, 저알러지, 다이어트/중성화, 보습, 소화/장기능개선, 식욕증진(기호성),",https://cr.shopping.naver.com/adcr.nhn?x=H44Tj57KH4aj5DDrqlGDBf%2F%2F%2Fw%3D%3DsNO1GGtI9yE9wK8S9jzFftbGBvGO1GBKgHVZ%2Fy1w13fP7hhpAJXAoXUcNQWyT%2FX7u%2FfFN%2FVEtAyf9dyvsrgy3ZmGPoKN4%2FyzhB7uG4eWupLPDpmNu2Rs3tEPrV0ZTODsb7JQtrMqSgEftbsAH7BzOjnVGCf6tFPA0qgWafBkkaPh6lUb%2FyyJ2Kb5AzLxwNGxtPBA9h1gOdtYuBW6%2FzuhjYN9%2BKy%2Fm0d%2BgYWHtEf61Jo5CNclKwvLyA%2Fys%2F%2FHPPajLli%2BPc%2BbBLXuwnxKb7dzHMqiWbaU6chX8GzwGhBdl9NkQfJpFrUd2%2Frs%2FOfouiYK%2FmOYOJ5vhk8FNAfP%2FAT3X6UQGEuRhIu3TOMdZ43DYEjEefTk2FBNr4S6vHMsERX4eEIZJB1yuP5kkcuYnGBP9u2Qvkl1McMi1HJJ7bnAAAbWSROEnChhtuht3H7JUJddsOiSHso0SSRvAEEo5QU4QSsel0YfJEi0kuPn9zcsvZacnFyxApUnCRaHgE7SsZOUEIjbxAMh%2B10%2BjmxnveZkXVKtUlEXmQ4B%2FUj5vzIiWgGCYft1j5TGNQWKg72t%2BjFYLy6QRBk69iFIeOpUHivqWl2AmNEunWL1CIQfjewbmF8zm8AvkPwaz1Y6Ekbam9%2Bd1qVjg1n7cCzseHuYfu1S1Bw1q4RxHKdKf%2Fyis4rudz3TTG0kZOHSHPX37AwvBE2GffWTXxqvNeY6g7rQqScMidVdznR4EhPC6BI08fc6TT2xWkbDrUFJ2hBG8QaB8WVzn&nvMid=26461774524&catId=50006633
듀먼 오리안심 채소 오리지널,"1,510원","급여대상 : 퍼피, 어덜트, 시니어, 대형견|주원료 : 오리, 고구마, 과일/야채|등급 : 프리미엄(3등급)|기능 : 냄새제거, 영양공급, 다이어트/중성화, 소화/장기능개선, 식욕증진(기호성)",https://cr.shopping.naver.com/adcr.nhn?x=fsdx4YK%2B%2B0j8AWDZxfYQr%2F%2F%2F%2Fw%3D%3DsANE4MlqIjXuNZKaaACITgachUlNQz9A4jsNrVk5qSgz7hhpAJXAoXUcNQWyT%2FX7urvg1ui3FEmzqHkqapVryNk%2BPp52VlKi5%2BDbbzS86liLDpmNu2Rs3tEPrV0ZTODsb7JQtrMqSgEftbsAH7BzOjnVGCf6tFPA0qgWafBkkaPh6lUb%2FyyJ2Kb5AzLxwNGxtPBA9h1gOdtYuBW6%2FzuhjYN9%2BKy%2Fm0d%2BgYWHtEf61Jo5CNclKwvLyA%2Fys%2F%2FHPPajLYSS5DUJA3MgE5Ao83Mqq4aiWbaU6chX8GzwGhBdl9NkQfJpFrUd2%2Frs%2FOfouiYK%2FmOYOJ5vhk8FNAfP%2FAT3X6UQGEuRhIu3TOMdZ43DYEjEefTk2FBNr4S6vHMsERX4eEIZJB1yuP5kkcuYnGBP9uwVt%2Bq%2BEGbIURH4Pt76u0TZdQnvHzXtqPQhjbCvARCKkOiSHso0SSRvAEEo5QU4QSsIRlPqGl0T73e%2Fp8SIgYsYPmi3dMegTYYmSx0UY1CjPIjbxAMh%2B10%2BjmxnveZkXVNY2%2F19UuY%2BKOCmHFGb%2B90U%2BFtJzGKmN3txXF316dC4F42iyeIvKDitYRmkT%2B2SRyJRmRnqg2TIlJGez8b4A06OSv%2FhkjUl5%2FqeElvMIBks2Es8cFUTVf2EXpmSuc9bAhPUgCvZQw3ts%2B%2BR6FDl9EiI9kRdTI0WVzwfQd1CtZmHQaGimR4pR27mrh1IoDTOSgA%3D%3D&nvMid=24114806518&catId=50006633
듀먼 닭가슴살 앤 연어 빛나는 피모,"1,650원","급여대상 : 어덜트, 시니어, 대형견|주원료 : 닭, 고구마, 과일/야채, 연어|등급 : 그레인프리|기능 : 피부/털개선, 식욕증진(기호성)",https://cr.shopping.naver.com/adcr.nhn?x=gFQRgdhbw66yUXESAkmzgf%2F%2F%2Fw%3D%3Ds61qI8YFkEmyf9WP4FPWw8V%2Fl2dC66rSCMDSij1m4HZ6EnHjmePWYmLXPM2%2BiQxIFeB97u7jr51Ra%2FHIp%2F20L2wB%2BzpWmWBGeGkADcO6MLZqAbCY81f975eS5nfR25FBiI1ODi9hUm3Sq0pLB9du%2BPtwsO7PT0rifP7KvkO8FXI2r8J%2Bkand%2FAVeSczS2JavWRFzUN7L1ErRdoOszyZGJCMv%2BjB2erv%2BZ%2Brrs5VHOiTQgGE7%2BZatKjf5hEf1XctkKKGlkgO9YM2%2FaqFTH8oEgY5dNmlFi%2FBgeuY7C%2BBLsfY4TSSdaAcEDBljsWm2U0MV1UT1vDLjPtC3mYeiMRbVeWXbG7nSYP5a0LarFdYtPrhbbLWo5y0EVpxpTjpbff6SoB7P9jx5KZr1oy9qstZx7m4sO46DJLk5I%2Fm9Ge%2BIr6fs6HFAYxMwgr%2B5htJ53dcMiSo0adg%2FaZAYXCXaj0Al5E%2Fs8oJFLdfJTgVLlFJiz8RIiIOPa9UZJsRWlCgSa2pS3C0r%2BUmM4rOUlXYgQF%2BmvEXiEQBmy2Yr5bPKu%2BHxglWX%2B2arEcEjvk0NmiBTTPtzipiK5VEMKeWaXBXXzAD2bG%2FmCwN4He03nscpMhwU8IOv7mDtfbR4T4tMTxauEAFOVramjBwCZI9AwCV4mCTWQmSk3FSUGdrTcpT%2FHHikF3UdABjhxvDCXZMhnRRiyGDmUVoWd0jB03C5aYq3HUc1IKtSSLJQZncWk8e8Ttfjz6Fs%3D&nvMid=30490275856&catId=50006633
듀먼 영양듬뿍 북어탕 80g,"1,900원","급여대상 : 퍼피, 어덜트, 시니어, 임신/수유, 대형견|주원료 : 닭, 과일/야채, 북어|등급 : 그레인프리|기능 : 영양공급, 저알러지, 종합비타민, 보습, 소화/장기능개선",https://cr.shopping.naver.com/adcr.nhn?x=tFJm0KFNSttG%2Bf4BJVsDm%2F%2F%2F%2Fw%3D%3DsCr%2FChlPV0SqEx2B%2BEy08dQ2fdIImwKJWa3tUu8uHpS9PdRzgwdof5iO4lixtGQo5hFpTny%2BmDRjjhUA34CiTimedW%2BMyCIcyNsWGbi%2FX%2FUA%2Fa18qhDQ1A%2FKJp3fgBDorC7u7bsN%2B3oC09x0467ZYvTj7joJa7XOelYleSgL0iyhcxSaZV35RgyhL%2FLx5mK64Cel9p%2BxWV1iVV%2BpOyW5p8lVd6Z%2BmZ5fvTALbBBPmfKIs4LwOhnQFpCqQ9mUlHkBKlcEGDlIBp80KfnUcrLjjczKbmUzipiikciqzrQ48oMozWFebJsqYHoTw3PcUFv4bAec7bfJrbF%2B%2B0nFGpna%2BcEzM1agPXdvvaD3eiHFbVv384irqoupb5cHtoCFQH9lAJV03cukp%2F9sq6JmLvPVclMOaRIpa3fGMh4gOSHLkTcCORTGy01tmsnxmSqaOdjXYWRwr29M5T34BWpVvrODbS8g6tuAugJdMXoHu49zLlEqMXgFSQrjNGPU67iHmiTM0zhAU6Io1TVJHwJi%2FzoWBGcOmBp5w3JOBgQTL4kw41EZu81foVm22rs%2BKe%2BA%2B0srA5fn8OtYC1k0Ii9tVwlhjuMaRfHpJKDOai7a1tEtBPC4NauEcRynSn%2F8orOK7nc90HaMgxYz42ixWsuGzT7HBzEzoWrziQ4Zh6X5cQhVUPKBXc50eBITwugSNPH3Ok09sVpGw61BSdoQRvEGgfFlc5w%3D%3D&nvMid=24236049524&catId=50006633
듀먼 닭가슴살 앤 빌베리 눈가반짝,"1,530원","급여대상 : 어덜트, 시니어|주원료 : 닭, 고구마, 과일/야채|등급 : 그레인프리|기능 : 눈물개선/눈건강, 식욕증진(기호성)",https://cr.shopping.naver.com/adcr.nhn?x=Hi1xki63YdHoMYQUxfJ%2BJ%2F%2F%2F%2Fw%3D%3DshKm7HRI9ZRvazN6p%2BJP4kS8aCDEUu3g96qRQhG6BbP%2F7hhpAJXAoXUcNQWyT%2FX7u1RMfQPikmRhsTYdLCUqQN4Lc5ZTEZModNCydsX%2FDP4bDpmNu2Rs3tEPrV0ZTODsb7JQtrMqSgEftbsAH7BzOjnVGCf6tFPA0qgWafBkkaPh6lUb%2FyyJ2Kb5AzLxwNGxtPBA9h1gOdtYuBW6%2FzuhjYN9%2BKy%2Fm0d%2BgYWHtEf61Jo5CNclKwvLyA%2Fys%2F%2FHPPajLn82kPIk64E622Si7vXKW86iWbaU6chX8GzwGhBdl9NkQfJpFrUd2%2Frs%2FOfouiYK%2FmOYOJ5vhk8FNAfP%2FAT3X6UQGEuRhIu3TOMdZ43DYEjEefTk2FBNr4S6vHMsERX4eEIZJB1yuP5kkcuYnGBP9uwVt%2Bq%2BEGbIURH4Pt76u0TZIERtpSGl2lPVRXULayQ7NOiSHso0SSRvAEEo5QU4QSicY5YsqjBkuKG%2FjLgWUZNAYcj%2FrvKVAi4uthvVHsv15IjbxAMh%2B10%2BjmxnveZkXVIj2hv7XXD%2Ff9BX4r8JFxZIPggXmIAAEr9SCpWH0obZwI58UP9CJgO7JI04jo1tV6Bgp4eIPug4Dc53keojQYxjhim0sjQNWnwfyqUoPzSMk71tqtWQablf%2F77SlIExh50O3WlPXpH4KGiXWqDGt5zhULQbOrE7fENbc0JwZtIj3b1NmOoRBMBsXNQGXzjfbC%2BFUQB%2FrDAzm2q1KHRsHkfE%3D&nvMid=26461687523&catId=50006634
듀먼 닭가슴살 앤 토마토 튼튼체력,"1,680원","급여대상 : 어덜트, 시니어, 대형견|주원료 : 닭, 과일/야채, 생선/해산물|기능 : 면역력강화, 식욕증진(기호성)",https://cr.shopping.naver.com/adcr.nhn?x=vnOrHT801Z581QoTxCDwRv%2F%2F%2Fw%3D%3Ds%2FROyLkXn0Q%2B4ZOzgLwVufGYkmM%2BvKzwDVrc8%2FGHeXHKEnHjmePWYmLXPM2%2BiQxIFYDtUqdDgSs%2B5SpRowZIqGslUvsgCzerx1jSpLlW51l6AbCY81f975eS5nfR25FBiI1ODi9hUm3Sq0pLB9du%2BPtwsO7PT0rifP7KvkO8FXI2r8J%2Bkand%2FAVeSczS2JavWRFzUN7L1ErRdoOszyZGJCMv%2BjB2erv%2BZ%2Brrs5VHOiTQgGE7%2BZatKjf5hEf1XctkKSsnM8ZeKizIKzoh8%2BcRc8ZdNmlFi%2FBgeuY7C%2BBLsfY4TSSdaAcEDBljsWm2U0MV1UT1vDLjPtC3mYeiMRbVeWXbG7nSYP5a0LarFdYtPrhbbLWo5y0EVpxpTjpbff6SoB7P9jx5KZr1oy9qstZx7m8HCv9Cyw4mSIEzWXKRcZDuuVIsIl6Y5UT6iGqzu2QiqSo0adg%2FaZAYXCXaj0Al5E0okyjSYpvP7RyMT9M3xpZUTzQTNYDjaViVJm%2BGO3J9RC0r%2BUmM4rOUlXYgQF%2BmvEXiEQBmy2Yr5bPKu%2BHxglWXozls4vf64lkFUifmirfwLs1naxt%2BVsr7A9wfbEsJpo7OxO0TE%2BSTm7GkBYlAQz2ErWnsC2Mv59HdnkYFjRzNfDWrhHEcp0p%2F%2FKKziu53PdLqLmkHJrSyzv3RmDOlTTRQolWiae5d3ntDnXigsfS1pV3OdHgSE8LoEjTx9zpNPbFaRsOtQUnaEEbxBoHxZXOc%3D&nvMid=31144841618&catId=50006634
듀먼 닭가슴살 앤 초록입홍합 튼튼관절,"1,550원","급여대상 : 어덜트, 시니어, 대형견|주원료 : 닭, 고구마, 과일/야채, 생선/해산물|기능 : 뼈/관절강화, 식욕증진(기호성)",https://cr.shopping.naver.com/adcr.nhn?x=SLFSopB0kDg3vj6VN4cXNf%2F%2F%2Fw%3D%3Ds8RRmV6vR62sBO9D413jIYcA6Di2mZaqxPoT41uWU1Y%2F7hhpAJXAoXUcNQWyT%2FX7uow6o3MX9DAu1dv8xCJv4DDtPTLagzThTf9HrUBuTACTDpmNu2Rs3tEPrV0ZTODsb7JQtrMqSgEftbsAH7BzOjnVGCf6tFPA0qgWafBkkaPh6lUb%2FyyJ2Kb5AzLxwNGxtPBA9h1gOdtYuBW6%2FzuhjYN9%2BKy%2Fm0d%2BgYWHtEf61Jo5CNclKwvLyA%2Fys%2F%2FHPPajLFmovqUK5P%2FElfDQTIubLSqiWbaU6chX8GzwGhBdl9NkQfJpFrUd2%2Frs%2FOfouiYK%2FmOYOJ5vhk8FNAfP%2FAT3X6UQGEuRhIu3TOMdZ43DYEjEefTk2FBNr4S6vHMsERX4eEIZJB1yuP5kkcuYnGBP9u%2F4Q8ol2fOiaPmREOuAVetmFrpwoYGIn9vMURcq7dYMQOiSHso0SSRvAEEo5QU4QSgOT6zD0h4Y95X6AKUV0yEPwhu0Od3VJbR5i%2FDEUNYrGIjbxAMh%2B10%2BjmxnveZkXVIj2hv7XXD%2Ff9BX4r8JFxZIrpBSEwTOsNSMWvhNJm4xeYlu9uAfPJIzHvB9pKpT4lqOuInwfQ1XmfH35WvRpRXYHFu%2FQhqY8WDUSBjkZXsiWUWBksaQ8gTLJ8512ehv2zr%2BGBoyQkiFtSLwcV09cBvfJdazY7JjgSxkLnXADa6cNvVvQyISZRpawbH0pB70L9Q4SwcLvxUEucVmH%2BcOht40%3D&nvMid=29908455720&catId=50006634
듀먼 소고기 채소 오리지널 50g,"1,900원","급여대상 : 퍼피, 어덜트, 시니어, 대형견|주원료 : 소, 고구마, 과일/야채|등급 : 프리미엄(3등급)|기능 : 냄새제거, 영양공급, 다이어트/중성화, 소화/장기능개선, 식욕증진(기호성)",https://cr.shopping.naver.com/adcr.nhn?x=Wr4RGA6RwscSUgF5bHC%2FRf%2F%2F%2Fw%3D%3DsnRK8D0zg6%2FlpJr7uFFMzRJGyNzSn5vCr8bi%2FUfOvZV6EnHjmePWYmLXPM2%2BiQxIFd3cKJV97qXnHd54ppgnRoEbzp%2FJz26hgHx3bUTh%2B4NGAbCY81f975eS5nfR25FBiI1ODi9hUm3Sq0pLB9du%2BPtwsO7PT0rifP7KvkO8FXI2r8J%2Bkand%2FAVeSczS2JavWRFzUN7L1ErRdoOszyZGJCMv%2BjB2erv%2BZ%2Brrs5VHOiTQgGE7%2BZatKjf5hEf1XctkKlWw64clviaB7u5RXlKk9FpdNmlFi%2FBgeuY7C%2BBLsfY4TSSdaAcEDBljsWm2U0MV1UT1vDLjPtC3mYeiMRbVeWXbG7nSYP5a0LarFdYtPrhbbLWo5y0EVpxpTjpbff6SoB7P9jx5KZr1oy9qstZx7m%2BSQ15%2F0o%2BY7D0Q%2FSCVX93HWaRSkdFs8ZCnJToSrD88FSo0adg%2FaZAYXCXaj0Al5E1aYBh8mzhNWVIPxurgkhts%2BahZ042vSDKPXUPJiLx%2FuC0r%2BUmM4rOUlXYgQF%2BmvEbURPeduoqTXC3zsE%2F0elW8HtNSv8OOr56cD88UTEHx1BN7WoYvS801sY%2FgMwu9JZWe%2BIn9tS9NxAy6Y8SVrPJ9LZVPUKbFhnSf3c4xp%2FRBj%2BgtF15PMkmjkNDmi88yMRd4I433ye%2FFNEA%2FN8YlDuxxx%2FGHjhrtEnWQwpEe0oMrThWw3%2BIByOa0jCVNQVnCDoA%3D%3D&nvMid=27139399000&catId=50006634
듀먼 닭가슴살 채소 오리지널,"1,650원","급여대상 : 퍼피, 어덜트, 시니어, 대형견|주원료 : 닭, 고구마, 과일/야채|등급 : 프리미엄(3등급)|기능 : 냄새제거, 영양공급, 다이어트/중성화, 소화/장기능개선, 식욕증진(기호성)",https://cr.shopping.naver.com/adcr.nhn?x=AiERrxb%2FyOLs3jPjRrnBWP%2F%2F%2Fw%3D%3DsyAARCP7%2FIxTp%2BFvVKTLGbcOlwSaIZndrp1EV8xW1ub37hhpAJXAoXUcNQWyT%2FX7uKKkaFMCn7iDBapgpB81y3cFCQBCGZB6%2F3juPH1nVOCfDpmNu2Rs3tEPrV0ZTODsb7JQtrMqSgEftbsAH7BzOjnVGCf6tFPA0qgWafBkkaPh6lUb%2FyyJ2Kb5AzLxwNGxtPBA9h1gOdtYuBW6%2FzuhjYN9%2BKy%2Fm0d%2BgYWHtEf61Jo5CNclKwvLyA%2Fys%2F%2FHPPajLk6XkR%2Bjo5HKPbQqkRWwpWaiWbaU6chX8GzwGhBdl9NkQfJpFrUd2%2Frs%2FOfouiYK%2FmOYOJ5vhk8FNAfP%2FAT3X6UQGEuRhIu3TOMdZ43DYEjEefTk2FBNr4S6vHMsERX4eEIZJB1yuP5kkcuYnGBP9uwVt%2Bq%2BEGbIURH4Pt76u0TZnwzXZ1qswSyFGM1a6X%2BVbOiSHso0SSRvAEEo5QU4QSnGQ5Hj0xI7DQerL7ghbdH5e8VmrRdD%2BU6%2B%2BO%2B0hKZdrIjbxAMh%2B10%2BjmxnveZkXVIj2hv7XXD%2Ff9BX4r8JFxZI%2BFtJzGKmN3txXF316dC4F42iyeIvKDitYRmkT%2B2SRyKk3ONRhr9FWfanCnLyp2FNgxL03STG73Y1ieaNeYl98Es8cFUTVf2EXpmSuc9bAhMcro3nPt6u75oPAYpmKzOCzQwJsTfiJQ54fZuLs8WHdzY6of2Xpggjm6A4Z8HgJhg%3D%3D&nvMid=30128210619&catId=50006633
듀먼 연어 채소 오리지널,"2,130원","급여대상 : 퍼피, 어덜트, 시니어, 대형견|주원료 : 고구마, 과일/야채, 연어|기능 : 냄새제거, 영양공급, 피부/털개선, 다이어트/중성화, 소화/장기능개선, 식욕증진(기호성)",https://cr.shopping.naver.com/adcr.nhn?x=ggfY0hZJEkcmIZbaMN%2F9Cv%2F%2F%2Fw%3D%3DsIHMo%2FmNzlqfMpKrsmRmkGnJyp5dlqqI5CGLIZiWkVklmTJC3xLb0S7qCVpGN58NxWNv9CLMw7yWwQ4mLqXRK%2FB1KRK3PcTZfAwqhmF7t%2B7xD4P%2Bj2CVvS6QkrpszyaIo6sGkobrHOLjdQ9PfNparAOcz%2FEEEuaPy%2FAR0g1rNzvrvxXb%2F2J9el2s2KShJxhu2LW%2BZdg%2BupjSsYlBNCanVJIZnlrSZr8PDPdBCvs8uWtdeJxHcKH4rYUhc5SxvGs%2FQz4EW5T%2Fj%2FT%2FYU5pQIeB79Kjdy8qO%2FVNabEgqYJCNq1ZTr3BcYiUeVkDnn43ddm7l9NlBzrc2zEiDK7K5EbEOlrFUCcEWKq1FE2sRaSdgVmrrwf43UHIy38HEUEYyL8jzpOr9sPYwajBkeE07IGGkJ5SCPsmGKllbt0kl8XIxCXRftNfPrsUZfaw4XJhLjN2Rai83EVbMDvzV06wNeZeBjbbOynFLlY40lw%2FWxueZtq05u86GKV%2Bj2GjBWpNJo8VznD38MxfZLVnMXa3E7TvClLS420cOH3x6beF%2BuytnhKEQ%2BiKXJplZDsf7aEI2pO1xo64ifB9DVeZ8ffla9GlFdiEsG2%2BXvmUiVXGJ1XcCBnYaOBzM%2BNr17QtS2OYoZrWUv4YGjJCSIW1IvBxXT1wG973Qcmhbml8O%2F2eE042phH%2BZUWk5Y%2FMJcByuTDQFymdMhWw3%2BIByOa0jCVNQVnCDoA%3D%3D&nvMid=23457067689&catId=50006634
듀먼 강아지 자연화식 튼튼관절 초록입홍합,"1,700원","급여대상 : 퍼피, 어덜트, 시니어|주원료 : 닭, 고구마, 과일/야채, 생선/해산물|등급 : 그레인프리|기능 : 냄새제거, 영양공급, 뼈/관절강화, 저알러지, 다이어트/중성화, 보습, 소화/장기능개선, ,",https://cr.shopping.naver.com/adcr.nhn?x=CRBElXe8u84cNG4bJ2EAoP%2F%2F%2Fw%3D%3DsCHAEbroeeaADkkC46uHeNcZG0wgkC%2FwZJ6FnojLvzo6EnHjmePWYmLXPM2%2BiQxIFw5SrZi2B5J2io4taQ7FeyKKuac59t3ZNH6TwhP36vrCAbCY81f975eS5nfR25FBiI1ODi9hUm3Sq0pLB9du%2BPtwsO7PT0rifP7KvkO8FXI2r8J%2Bkand%2FAVeSczS2JavWRFzUN7L1ErRdoOszyZGJCMv%2BjB2erv%2BZ%2Brrs5VHOiTQgGE7%2BZatKjf5hEf1XctkKHBqja2QzmFnrfSnT%2FTJEcJdNmlFi%2FBgeuY7C%2BBLsfY4TSSdaAcEDBljsWm2U0MV1UT1vDLjPtC3mYeiMRbVeWXbG7nSYP5a0LarFdYtPrhbbLWo5y0EVpxpTjpbff6SoB7P9jx5KZr1oy9qstZx7myFW20sUp3VLGFydrQ4HMWVqPW7TrYfKZ%2B0gUQSzAUm9So0adg%2FaZAYXCXaj0Al5E%2F96qXQ1wpPVhcuSUfmrsvYVFNnX7B04283xnmJPyXzfC0r%2BUmM4rOUlXYgQF%2BmvEbgZEawXXCK82PoyIiLWHVSwK18tUPKfkUQX0%2BvOuSJULFfWCSDLT1EGDDpAbo%2F4Tu7eOG4SX7WHEXxKIHpkBLvZFi8d4q2cc59dT6S5b58cH1H63yoN6KJWprEWj4bBrxLPHBVE1X9hF6ZkrnPWwITcE%2B0YCqMy4n6XByUmtWfG8OgDzGcBnBDPi1Fw64yVsc2OqH9l6YII5ugOGfB4CYY%3D&nvMid=26461687524&catId=50006633
하림펫푸드 더리얼 그레인프리 크런치 소고기 어덜트 체험팩 50g 3개,"3,000원","급여대상 : 어덜트|주원료 : 소, 닭, 과일/야채, 연어|등급 : 그레인프리|기능 : 뼈/관절강화, 소화/장기능개선, 두뇌발달, 항산화|조단백 : 25%|조지방 : 15%",https://cr.shopping.naver.com/adcr.nhn?x=mDG8hz13z9D2XwmEX5jmS%2F%2F%2F%2Fw%3D%3DsZbMEU4ZSZ2t42m38ZCdKCTnxQo8%2BDNix8mN9CCmVijOEnHjmePWYmLXPM2%2BiQxIFUXlVmfv62BDRPdo%2BdBF3rDSKYWNIDtV5MHuJMzTx5yGAbCY81f975eS5nfR25FBiI1ODi9hUm3Sq0pLB9du%2BPtSGLPebUIC0ihwxuUXQ7bvZ0i4njjYtNsIR2co5iSGWi9pcioSCMVAbIM7QMd0pOMv%2BjB2erv%2BZ%2Brrs5VHOiTQgGE7%2BZatKjf5hEf1XctkKSRl6ajInGvDXiUEpLWFWBpdNmlFi%2FBgeuY7C%2BBLsfY4TSSdaAcEDBljsWm2U0MV1UT1vDLjPtC3mYeiMRbVeWXbG7nSYP5a0LarFdYtPrhbbLWo5y0EVpxpTjpbff6SoB7P9jx5KZr1oy9qstZx7mxqTVUbdD0%2Bq2v4dtwqVp6bV94TIM7Il%2BG%2BGeSp%2BmCsHSo0adg%2FaZAYXCXaj0Al5E%2Bl7eSkpu6wjjh4h2TflGMMmhMTAWnzcsINOVhRPnP9rC0r%2BUmM4rOUlXYgQF%2BmvEU8p%2F7JhdtUGMHCahtCdrsWOgY3OfIlNcT0XFiPO99nna1hhiBSKOeqXdwpTvPXOqxtwh6PwD6uqgdZCDLPoVAvGG51y83WCbQDuD8DDjiQ9E%2F8RNBX9ITKSZWZoT3UQnSFtEI7By%2FTiJkPxJtOUfR3vW2q1ZBpuV%2F%2FvtKUgTGHn428vZVSeWg7sC0iP513nHNpfiJXEAam3NeQ2E3O3nTBvU2Y6hEEwGxc1AZfON9sL4VRAH%2BsMDObarUodGweR8Q%3D%3D&nvMid=31318337619&catId=50006631
하림펫푸드 더리얼 밀 그레인프리 연어,"2,660원","급여대상 : 대형견|주원료 : 닭, 과일/야채, 연어|등급 : 그레인프리|기능 : 영양공급, 뼈/관절강화, 피부/털개선, 다이어트/중성화, 눈물개선/눈건강, 종합비타민, 소화/장기능개선, 식욕증진(기호성),",https://cr.shopping.naver.com/adcr.nhn?x=lJs0vEjP5qHjopi6P6wRc%2F%2F%2F%2Fw%3D%3Ds6qBQBjsT1aaFKRRIBMTfcexy42eFbo%2Bwh5gjuiip2mFsnuauAXCfy3v7KtLL4HwC4hSgr0%2Bm2PUSO9Nik5MeSQv2mr7vxMM1VNtH%2B07fHZPDpmNu2Rs3tEPrV0ZTODsb7JQtrMqSgEftbsAH7BzOjn%2FWZS8%2F19JNwjecLYzMtXw0l2hhbF4rHyFdxobidPc4tlv7UTw6aWKkAiwVS1gPud9%2BKy%2Fm0d%2BgYWHtEf61Jo5CNclKwvLyA%2Fys%2F%2FHPPajLdxGzROuU8LO2Pe3aFSZfjqiWbaU6chX8GzwGhBdl9NkQfJpFrUd2%2Frs%2FOfouiYK%2FmOYOJ5vhk8FNAfP%2FAT3X6UQGEuRhIu3TOMdZ43DYEjEefTk2FBNr4S6vHMsERX4eEIZJB1yuP5kkcuYnGBP9u2Qvkl1McMi1HJJ7bnAAAbVcn1fexkpgk9RJOvYNrpccOiSHso0SSRvAEEo5QU4QSnJMnOYPvhOJE6oxcJXAXsJBtPP5ynKcDkR%2FlGxDSPe%2FIjbxAMh%2B10%2BjmxnveZkXVJnhkH3tFi4Qdjca9ZkofoDpHK7gpRAnOImbSOBb9V%2FlaqEYBX%2FpEhK1O3aptuTyXti6j0OiJgWWu3vziQLC36q9TIL7R4PvjIzwANvJ3iGRDWrhHEcp0p%2F%2FKKziu53PdJTaPrn7ob73SNy08B17416mApDe5Y0z49vzeQOiOO%2ByV3OdHgSE8LoEjTx9zpNPbFaRsOtQUnaEEbxBoHxZXOc%3D&nvMid=31133594618&catId=50006633
하림펫푸드 더리얼 밀 그레인프리 양고기,"3,190원","급여대상 : 대형견|주원료 : 닭, 양, 과일/야채|등급 : 그레인프리|기능 : 영양공급, 뼈/관절강화, 피부/털개선, 다이어트/중성화, 종합비타민, 소화/장기능개선, 식욕증진(기호성), 심장건강",https://cr.shopping.naver.com/adcr.nhn?x=e6y28sBpqTN%2FqUFDRpvyYv%2F%2F%2Fw%3D%3Dsd7kRBTnVcsw2ICUzz2MALiUpsfr60vUwKIuB%2FGdwhG5snuauAXCfy3v7KtLL4HwCVv2Uw%2Bc62tgutsXzZSjdwWuXYH9mIa%2BpYWUXPLsZj7jDpmNu2Rs3tEPrV0ZTODsb7JQtrMqSgEftbsAH7BzOjn%2FWZS8%2F19JNwjecLYzMtXw0l2hhbF4rHyFdxobidPc4tlv7UTw6aWKkAiwVS1gPud9%2BKy%2Fm0d%2BgYWHtEf61Jo5CNclKwvLyA%2Fys%2F%2FHPPajLiqUuDDPKzIVoC%2BZtxpBtXaiWbaU6chX8GzwGhBdl9NkQfJpFrUd2%2Frs%2FOfouiYK%2FmOYOJ5vhk8FNAfP%2FAT3X6UQGEuRhIu3TOMdZ43DYEjEefTk2FBNr4S6vHMsERX4eEIZJB1yuP5kkcuYnGBP9u2Qvkl1McMi1HJJ7bnAAAbWJphxBNARX%2BRlA7eg09rE0OiSHso0SSRvAEEo5QU4QSnJMnOYPvhOJE6oxcJXAXsI5HjvCjixrHtK%2B21TAUSuhIjbxAMh%2B10%2BjmxnveZkXVJnhkH3tFi4Qdjca9ZkofoDpHK7gpRAnOImbSOBb9V%2Flj51ps2NNO9Fru5CVdxzAoyd2xmr5siL%2Bc6f8G%2B9rCwgg5lLlSkznbedhB7jy6CZe71tqtWQablf%2F77SlIExh58cTdXsfaelwxzAG4xIn%2FyfMYLkqKxYSxNOsbspnU6J5b1NmOoRBMBsXNQGXzjfbC%2BFUQB%2FrDAzm2q1KHRsHkfE%3D&nvMid=31130974625&catId=50006633
하림펫푸드 더리얼 밀 오리고기,"2,660원","급여대상 : 대형견|주원료 : 닭, 오리, 곡물, 고구마, 과일/야채|기능 : 영양공급, 뼈/관절강화, 피부/털개선, 다이어트/중성화, 눈물개선/눈건강, 종합비타민, 신장/요로, 소화/장기능개선, 심장건강,",https://cr.shopping.naver.com/adcr.nhn?x=VWHvw4Qz%2FF3oocOzT0Kja%2F%2F%2F%2Fw%3D%3DsfG%2BzB4BbBoqEAsneKUwP9hFkGbMVBQV9eEwU9Nq9sf9snuauAXCfy3v7KtLL4HwCaNAGczhde7nVsWGAiiG3lyl0rPNHDNwk%2FIQJklLFJ0DDpmNu2Rs3tEPrV0ZTODsb7JQtrMqSgEftbsAH7BzOjn%2FWZS8%2F19JNwjecLYzMtXw0l2hhbF4rHyFdxobidPc4tlv7UTw6aWKkAiwVS1gPud9%2BKy%2Fm0d%2BgYWHtEf61Jo5CNclKwvLyA%2Fys%2F%2FHPPajL8IdypTPLV6cP5tdb6UPfEaiWbaU6chX8GzwGhBdl9NkQfJpFrUd2%2Frs%2FOfouiYK%2FmOYOJ5vhk8FNAfP%2FAT3X6UQGEuRhIu3TOMdZ43DYEjEefTk2FBNr4S6vHMsERX4eEIZJB1yuP5kkcuYnGBP9u2Qvkl1McMi1HJJ7bnAAAbX0LVcbavXhn63RLvWeZPuLOiSHso0SSRvAEEo5QU4QSnJMnOYPvhOJE6oxcJXAXsJOuwQN0hlyBg6uVkhVbentIjbxAMh%2B10%2BjmxnveZkXVJnhkH3tFi4Qdjca9ZkofoBvRYQGjGCM3ukwkSq%2FCybnsT9JLXg7fRcHo7g2STDUTmFdvwcLTE3LJLr8sOtpXf5AlpJwQo152rErY5q%2BwQclY2E6yujLQ11ygCtiwpNH5aJ5PW8I%2BT%2B2wlyZ8gVjO1gwZ5VZC%2FPEoIYZbXUTHfVnQdAiJdwXirBRdnaxfvrBbw%3D%3D&nvMid=31131156630&catId=50006633
하림펫푸드 더리얼 그레인프리 크런치 양고기 어덜트 체험팩 50g 3개,"4,420원","급여대상 : 어덜트|주원료 : 돼지, 양, 과일/야채|등급 : 그레인프리|기능 : 뼈/관절강화, 피부/털개선, 눈물개선/눈건강, 종합비타민, 심장건강|조단백 : 25%|조지방 : 15%",https://cr.shopping.naver.com/adcr.nhn?x=Oouseo6LYDMoGCrCBAEgef%2F%2F%2Fw%3D%3Dsb2cdHLD3jo71WAC%2B1fpa555qJ5vfIQ2IMffABXMnvIeEnHjmePWYmLXPM2%2BiQxIFNYgFXkQnNX4k1ZK2F7e86YDmf4j1%2BfiWkUFNpcEFI%2BuAbCY81f975eS5nfR25FBiI1ODi9hUm3Sq0pLB9du%2BPtSGLPebUIC0ihwxuUXQ7bvZ0i4njjYtNsIR2co5iSGWi9pcioSCMVAbIM7QMd0pOMv%2BjB2erv%2BZ%2Brrs5VHOiTQgGE7%2BZatKjf5hEf1XctkKTGLaijvCRjHQRQbG0SUBWJdNmlFi%2FBgeuY7C%2BBLsfY4TSSdaAcEDBljsWm2U0MV1UT1vDLjPtC3mYeiMRbVeWXbG7nSYP5a0LarFdYtPrhbbLWo5y0EVpxpTjpbff6SoB7P9jx5KZr1oy9qstZx7m7ilcmnw%2B9j%2FJa7zgVJ%2Fs99qTJ8TLYIhU%2BHFLuHayJM5So0adg%2FaZAYXCXaj0Al5EzgnsQ%2FB9Mfu37LnbaI3AiZyX%2FNfgH2Q2gbDSphQWSWuC0r%2BUmM4rOUlXYgQF%2BmvEU8p%2F7JhdtUGMHCahtCdrsWOgY3OfIlNcT0XFiPO99nnlN89Jngyom%2BunZKucFhdLhtwh6PwD6uqgdZCDLPoVAvGG51y83WCbQDuD8DDjiQ9E%2F8RNBX9ITKSZWZoT3UQndifQ5sCOys5KL5B07lzJorvW2q1ZBpuV%2F%2FvtKUgTGHnmiPQlQJbWMzUC56XMza7kKAf0UqOMrGwKPxWl5KdzX5vU2Y6hEEwGxc1AZfON9sL4VRAH%2BsMDObarUodGweR8Q%3D%3D&nvMid=31330294619&catId=50006631
하림펫푸드 더리얼 그레인프리 오븐베이크드 연어 어덜트 체험팩 50g 3개,"3,000원","급여대상 : 어덜트|주원료 : 과일/야채, 연어|등급 : 그레인프리|기능 : 종합비타민d, 소화/장기능개선, 식욕증진(기호성), 항산화|조단백 : 25%|조지방 : 15%",https://cr.shopping.naver.com/adcr.nhn?x=FZVaM2PVPkuLZJMr9YkJrf%2F%2F%2Fw%3D%3DsbWtC%2FC6IpbYAjFo7CGdZttosAx19IYfrfJ64MSlYVFhsnuauAXCfy3v7KtLL4HwCBYBzZW4U4S5qXh4%2B%2BPbfQoaZc3uPMLELMS%2FkFUS46QHDpmNu2Rs3tEPrV0ZTODsb7JQtrMqSgEftbsAH7BzOjn%2FWZS8%2F19JNwjecLYzMtXw0l2hhbF4rHyFdxobidPc4tlv7UTw6aWKkAiwVS1gPud9%2BKy%2Fm0d%2BgYWHtEf61Jo5CNclKwvLyA%2Fys%2F%2FHPPajLpmyESehPfQOv%2BkxK%2Bm7izaiWbaU6chX8GzwGhBdl9NkQfJpFrUd2%2Frs%2FOfouiYK%2FmOYOJ5vhk8FNAfP%2FAT3X6UQGEuRhIu3TOMdZ43DYEjEefTk2FBNr4S6vHMsERX4eEIZJB1yuP5kkcuYnGBP9uwVt%2Bq%2BEGbIURH4Pt76u0TbGtbYg7g1BhkNGVW2c%2BiJlOiSHso0SSRvAEEo5QU4QSk9Fvnqwfb8FmAX7Ye1x10ONRddGasg%2FJ2KXq9gqao44IjbxAMh%2B10%2BjmxnveZkXVNyFNKQWtQ3QpEYfIe7LBIuiXZq6eGzN4LmZUDYBgxHDetU9alsYbibLbK1S9ftBJw0dFHzbeba2N3kF67Fo%2BF3h9J4r6ENWTV10nzSlfZGZjFd6jqDY65P0ciIc8o1HOOwYPMWcUzpFMq1nFeHv4XPYNwztso1XppfttUd1R9eCEs8cFUTVf2EXpmSuc9bAhEokFtBLOTRqrKC3OO90NXFL9KhHlIYAXI%2B3I%2F2RTcNszY6of2Xpggjm6A4Z8HgJhg%3D%3D&nvMid=31330458620&catId=50006631
하림펫푸드 더리얼 크런치 닭고기 시니어 체험팩 50g 3개,"3,000원","급여대상 : 시니어|주원료 : 닭, 과일/야채, 쌀|기능 : 영양공급, 종합비타민, 식욕증진(기호성), 항산화|알레르기방지 : 글루텐프리|조단백 : 24%|조지방 : 14%",https://cr.shopping.naver.com/adcr.nhn?x=qakpkR1r5TFey9MNC%2FnlSP%2F%2F%2Fw%3D%3DseXRz%2BTbC4WxWjMFTaddCbD1%2BZvS3R1IQVR0teigTbQGEnHjmePWYmLXPM2%2BiQxIFl%2BTXkX3gvdzS4ZbgIBsbtkBG2tjDuVPPQ2ClLoD1E3%2BAbCY81f975eS5nfR25FBiI1ODi9hUm3Sq0pLB9du%2BPtSGLPebUIC0ihwxuUXQ7bvZ0i4njjYtNsIR2co5iSGWi9pcioSCMVAbIM7QMd0pOMv%2BjB2erv%2BZ%2Brrs5VHOiTQgGE7%2BZatKjf5hEf1XctkKoDB331CQaRw2JZaOj8I3xJdNmlFi%2FBgeuY7C%2BBLsfY4TSSdaAcEDBljsWm2U0MV1UT1vDLjPtC3mYeiMRbVeWXbG7nSYP5a0LarFdYtPrhbbLWo5y0EVpxpTjpbff6SoB7P9jx5KZr1oy9qstZx7m2I7aSG2eNyCCbwBBJkO7BvP%2Fyd4uq1cl%2BYwdJqgQD3dSo0adg%2FaZAYXCXaj0Al5E5AseO%2B8Vl9NMoNZ1JlE5TQt4Io%2BxCNu1GxJCYZyrKBkC0r%2BUmM4rOUlXYgQF%2BmvEenfw90AESVS6K1xeml%2BPaOqNyYrkOae3ST0taufe9Dzl2oeh83GYuR%2FsCYLIf7eVMYbnXLzdYJtAO4PwMOOJD0T%2FxE0Ff0hMpJlZmhPdRCdXY0GthbucGtRLcdb3WPeGO9barVkGm5X%2F%2B%2B0pSBMYedL8a%2BBZPGCJI1FUBgwZws4qEYiCKPRtvC1FlwfSlSQVQN%2BQsjK6V0FLd%2Fybx7qcubNSE3OzZUT76KyqzckASmm&nvMid=31330474619&catId=50006631
하림펫푸드 더리얼 그레인프리 크런치 연어 어덜트 체험팩 50g 3개,"3,000원","급여대상 : 어덜트|주원료 : 닭, 과일/야채, 연어|등급 : 그레인프리|기능 : 뼈/관절강화, 소화/장기능개선, 두뇌발달, 항산화|조단백 : 25%|조지방 : 15%",https://cr.shopping.naver.com/adcr.nhn?x=sKQ3k%2B8sJV%2F8xoQUx001Sf%2F%2F%2Fw%3D%3DsFk%2Bh7qBaUOkxQX7xDPXU4aXgoXLanCCXvaOgiKqmOhm7iMqbgY5qgnwewj6kp%2F5JY%2B1WyoNfjHOrMAOgJ%2F7ww%2Ba%2FgMqqnyxrcOvIxwg5TpBD4P%2Bj2CVvS6QkrpszyaIo6sGkobrHOLjdQ9PfNparACST7DwFdujnX1CLEei%2Fg%2B9yRYr%2FIyaWqrzh8GhhPxuMVLbXZt%2F%2BSM2w8IG59oqagoZnlrSZr8PDPdBCvs8uWtdeJxHcKH4rYUhc5SxvGs%2FQjBil7zeIV6IbpdkJW5QQhqjdy8qO%2FVNabEgqYJCNq1ZTr3BcYiUeVkDnn43ddm7l9NlBzrc2zEiDK7K5EbEOlrFUCcEWKq1FE2sRaSdgVmrrwf43UHIy38HEUEYyL8jzpOr9sPYwajBkeE07IGGkJ5SCPsmGKllbt0kl8XIxCXRRQce66yyzOdURiNqDKEaeai83EVbMDvzV06wNeZeBjXzhT0h8%2B68DwOTEvnZArBdMi9aNsctzCxfo39qY5pounD38MxfZLVnMXa3E7TvClKzUqe6UhgMOBeKcATKggTLP3Z08daX0WnCCN7QLfmVsvO7DGvLKlwMlnUAr0whEJFbk95tbjxfrswhK7DSxpduha8PP9R5IKLnUrkUJp1fusT9JLXg7fRcHo7g2STDUTnf8OnRdBTCKrwkZTxp8r5cHG%2FKXr4K7pN1cEsp8Klk820Duw%2Bj0%2BlH1B5IcgnFCHDfFHcx7CJYkPlHjiLq3cToXYGiOnrnBix0lpO2ZFR1WHRyPBWbUFRhWScTsgQynPg%3D%3D&nvMid=31318536618&catId=50006631
내추럴발란스 브이알에스 프로텍트 관절 처방식사료,"6,700원","급여대상 : 퍼피, 어덜트, 시니어, 임신/수유, 대형견|주원료 : 고구마, 과일/야채, 생선/해산물|등급 : 그레인프리|기능 : 뼈/관절강화, 피부/털개선, 저알러지, 처방식, 종합비타민,",https://cr.shopping.naver.com/adcr.nhn?x=dGnWyUF%2FvHbaCkGhcf0Hj%2F%2F%2F%2Fw%3D%3DstRi%2FFZanZlKVbAq1DY58ukrWDLRTpDJNC%2BJ%2BFnyvnZKEnHjmePWYmLXPM2%2BiQxIFl642LXCp3ebk7xkDmGCZbjSKYWNIDtV5MHuJMzTx5yGAbCY81f975eS5nfR25FBiI1ODi9hUm3Sq0pLB9du%2BPqn5j8KKsENC2TSJXMQM0zdmVGkk0zsjRHUbyO0Mq2CGgENFG6%2FNoRlm4jnmc8IXNMv%2BjB2erv%2BZ%2Brrs5VHOiTQgGE7%2BZatKjf5hEf1XctkKxL6CMIRzN6dReTc%2Fey%2BH8pdNmlFi%2FBgeuY7C%2BBLsfY4TSSdaAcEDBljsWm2U0MV1UT1vDLjPtC3mYeiMRbVeWXbG7nSYP5a0LarFdYtPrhbbLWo5y0EVpxpTjpbff6SoB7P9jx5KZr1oy9qstZx7m6SYayy7xB8xsnHfxiqkkEGHCqTPNs0sQvZltHGkR7i7So0adg%2FaZAYXCXaj0Al5E5LrNcK8HwbBNT%2Bi9AOedT83j0QxM9wD8uji3Fu9ihToC0r%2BUmM4rOUlXYgQF%2BmvEXK%2FI6Kg7adQOUMT4hyCNK6L8V6t55mfGD8LrMNzT0DyiiP7GdSFwvUbTmI0NICMc%2BXEIsb6mTWnkmoraFM2w6pCrH1WRBj2veV27wiGQ5%2FB%2B5Q%2FNIenK2zP4og3JJVFZxLPHBVE1X9hF6ZkrnPWwIQH1CVQ7KD%2F2OnO9IeBFJEShrdwHRsdip1Q3jtf%2BvJkBWhopkeKUdu5q4dSKA0zkoA%3D&nvMid=31133891619&catId=50006631
내추럴발란스 LID 고구마 연어 건식사료 작은입자,"32,000원","급여대상 : 어덜트|중량 : 6.12kg|주원료 : 고구마, 연어|등급 : 그레인프리|기능 : 영양공급, 피부/털개선, 저알러지, 면역력강화, 눈물개선/눈건강|입자크기 : 작은 8mm 미만|",https://cr.shopping.naver.com/adcr.nhn?x=yV3RYyZlozW%2BKt5X6R6gbP%2F%2F%2Fw%3D%3Dsro4MWEjohcOfkAN3%2FKFC6cbFOnTiqsdxc%2FO0fTGy1ymEnHjmePWYmLXPM2%2BiQxIFu20QHJrmraFiDF%2BHam5XWJTZi3ymh%2B3X4bDnk53JaY2AbCY81f975eS5nfR25FBiI1ODi9hUm3Sq0pLB9du%2BPqn5j8KKsENC2TSJXMQM0zdmVGkk0zsjRHUbyO0Mq2CGgENFG6%2FNoRlm4jnmc8IXNMv%2BjB2erv%2BZ%2Brrs5VHOiTQgGE7%2BZatKjf5hEf1XctkKWz%2FWKcmFLOZSYtq%2BfO1Qy5dNmlFi%2FBgeuY7C%2BBLsfY4TSSdaAcEDBljsWm2U0MV1UT1vDLjPtC3mYeiMRbVeWXbG7nSYP5a0LarFdYtPrhbbLWo5y0EVpxpTjpbff6SoB7P9jx5KZr1oy9qstZx7mx9J6cXD9MuDkoWmPb9KN8fVmwgtSacddtQZZV7Nz5%2BpSo0adg%2FaZAYXCXaj0Al5EwGJeIWt%2BiDSLrunuPkSy%2BSq168zv0n2gqoLCjuI346IC0r%2BUmM4rOUlXYgQF%2BmvEYqWf6y3l59VwNk0KHQBAFZEdRcRmxoPDOAhaljpz6NGlOTgJ%2BiiTw6N4RXNpK%2F037sD%2FS9I%2B2LxwdjijZ9qy3DyCSJJ1d9BHHm1O1VKrQk32devXqNdl9j4OzUpI5CLJo%2F2jOZ1X9azl5NH1VOMKFtx%2B77SorWkWxn%2BGgJ6xAU%2BXQ%2FiXo5knWu9DDkw3%2FJ110HQIiXcF4qwUXZ2sX76wW8%3D&nvMid=14418000515&catId=50006631
내추럴발란스 오리지날 울트라 그레인프리 닭 보리 포뮬라 작은알갱이,"9,800원","급여대상 : 퍼피, 어덜트, 시니어, 임신/수유, 대형견|주원료 : 닭, 과일/야채|등급 : 홀리스틱(1등급)|기능 : 영양공급, 저알러지, 면역력강화, 소화/장기능개선, 체중유지|입자크기 : 작은 8mm 미만",https://cr.shopping.naver.com/adcr.nhn?x=fHBkr0%2BhV%2FTwY8ZX4o%2FNqP%2F%2F%2Fw%3D%3Ds3JA3Pt12eos75Ew4TQMTgtfWRe%2FZL2LcbaH2Wc57FDmEnHjmePWYmLXPM2%2BiQxIFkSKzSaQrD6L1EG4c8gJz03XgVAr1NUd7vNCoTTO0zrWAbCY81f975eS5nfR25FBiI1ODi9hUm3Sq0pLB9du%2BPqn5j8KKsENC2TSJXMQM0zdmVGkk0zsjRHUbyO0Mq2CGgENFG6%2FNoRlm4jnmc8IXNMv%2BjB2erv%2BZ%2Brrs5VHOiTQgGE7%2BZatKjf5hEf1XctkKk0yPjgQ5vJJSOwIEDmm7%2B5dNmlFi%2FBgeuY7C%2BBLsfY4TSSdaAcEDBljsWm2U0MV1UT1vDLjPtC3mYeiMRbVeWXbG7nSYP5a0LarFdYtPrhbbLWo5y0EVpxpTjpbff6SoB7P9jx5KZr1oy9qstZx7m2PdDaLmwZGfBigeY5%2Br6EjcBkgbudjV%2BT6Fb%2B3o0HPKSo0adg%2FaZAYXCXaj0Al5Ey2aIdRV2CFuxSh5C11UevJZZazjUHOKmZPmzfTDVR3oC0r%2BUmM4rOUlXYgQF%2BmvERLwtbWt2lTuKPBGoLF90ycvAaXo0E6aV6n6Oevu3AwVFKOaNc54NAx4a6bZ5vdH21VRhkJ4MYfo9ZIGvKv77yZ2oIeuBRrfKsHD%2BkPNF3BS5hab8jqiPs2CpA2hsHoklfWR8iMflzJKODus0uVc2e%2BhYZ%2FhI%2FkN84je6k%2F%2BbfyX27A%2Fy9Wcz7EU72Pz6EEGPQ06OXJupsMMGQhRApcBDUpvU2Y6hEEwGxc1AZfON9sL4VRAH%2BsMDObarUodGweR8Q%3D%3D&nvMid=22174383026&catId=50006631
내추럴발란스 야채 도그 포뮬라,"29,000원","급여대상 : 어덜트|중량 : 3kg|주원료 : 과일/야채|등급 : 홀리스틱(1등급)|기능 : 영양공급, 피부/털개선, 저알러지, 면역력강화, 체중유지|입자크기 : 보통 8~13mm|단단한 정도 : 하드",https://cr.shopping.naver.com/adcr.nhn?x=Xe3Z1Kg2m8yMM9RzwuuYYf%2F%2F%2Fw%3D%3Ds2xptgCqbIdp%2BuN4dk%2BHvOWMbc3txsXG%2FZnO%2FFvqIQsSEnHjmePWYmLXPM2%2BiQxIFpr437BPZpBjfTz3j9%2FL8JWL4rO7b3n1cNKKnA9jmyS6AbCY81f975eS5nfR25FBiI1ODi9hUm3Sq0pLB9du%2BPqn5j8KKsENC2TSJXMQM0zdmVGkk0zsjRHUbyO0Mq2CGgENFG6%2FNoRlm4jnmc8IXNMv%2BjB2erv%2BZ%2Brrs5VHOiTQgGE7%2BZatKjf5hEf1XctkKFLvHzaeDb9R7CbO1WQApcZdNmlFi%2FBgeuY7C%2BBLsfY4TSSdaAcEDBljsWm2U0MV1UT1vDLjPtC3mYeiMRbVeWXbG7nSYP5a0LarFdYtPrhbbLWo5y0EVpxpTjpbff6SoB7P9jx5KZr1oy9qstZx7m5%2BLn1RUIXSzCMrb1mM7l04Pd5OHlEBAbTPU%2B0AyjoM9So0adg%2FaZAYXCXaj0Al5ExPJGfU4fZhTO17Zj70iq9BAuXzTF3LRIemQHl8LHDYfC0r%2BUmM4rOUlXYgQF%2BmvEeQE%2BoV1DPxQnxr8QHEN%2BnqN9N9TXCdUBJForAdNEGxEklAgfYxUj1xEPib3yEVqymHNWZ90O09dbdW%2BoiZEPF6tqaMHAJkj0DAJXiYJNZCZKTcVJQZ2tNylP8ceKQXdR8xWMTcW61QmnSMq%2FUrOBZBWhZ3SMHTcLlpircdRzUgq1JIslBmdxaTx7xO1%2BPPoWw%3D%3D&nvMid=22166903741&catId=50006631
내추럴발란스 LID 닭고기 고구마 도그 포뮬라,"55,350원","급여대상 : 어덜트|중량 : 6.12kg|주원료 : 닭|등급 : 홀리스틱(1등급)|기능 : 영양공급, 피부/털개선, 저알러지, 면역력강화, 소화/장기능개선|입자크기 : 작은 8mm 미만|",https://cr.shopping.naver.com/adcr.nhn?x=jqLg4nIa28XtGubkZV8Qsv%2F%2F%2Fw%3D%3Dswnto%2BznxtJ2wZ8w93ScfzJQg544pHsAlvMjejSSGukJlGdNXJVGMma6fxPhl2bEjdAaT%2FHg%2BMwuQYRXOG1gRGQlLEiYsUJPmodQx%2B2Lr2CDDpmNu2Rs3tEPrV0ZTODsb7JQtrMqSgEftbsAH7BzOjnE6cc%2FZW3zX4BQEKUqQ%2FK3pVdZrYhbBr%2FXKCRCJRtbc28cJDv26QXNPmDq9F7KrS99%2BKy%2Fm0d%2BgYWHtEf61Jo5CNclKwvLyA%2Fys%2F%2FHPPajL%2BJ1mcqNTBSG9JqG%2F52kSxKiWbaU6chX8GzwGhBdl9NkQfJpFrUd2%2Frs%2FOfouiYK%2FmOYOJ5vhk8FNAfP%2FAT3X6UQGEuRhIu3TOMdZ43DYEjEefTk2FBNr4S6vHMsERX4eEIZJB1yuP5kkcuYnGBP9u%2F4Q8ol2fOiaPmREOuAVetmeCIoi5eoQD2Icf6hwc3y0OiSHso0SSRvAEEo5QU4QSoVOe8Gg7auH%2BHSqJIoOrRAxHQQ%2F6jAPqSl%2FP33Vqx2IIjbxAMh%2B10%2BjmxnveZkXVMClnnvaFXaeaXVIMjf58rzi4q%2FLBMTAR4Hh0kMHqJzuBtVSk6X0NPZjwQAkGZ2pqeYWm%2FI6oj7NgqQNobB6JJW6j%2BRC%2BAgY%2BZcUbf2P1DcoyKA21LEcQd1DTmaUJJNzsB2Ev33u%2BSM2oPZbZjDMxv%2F81fMsTj1AjfcEk1%2F%2BUd3m%2BGKPtJQykmRookhxlg1f7Qau4fTwOUqyF63FjwpQRls%3D&nvMid=22166903740&catId=50006631
내추럴발란스 LID 닭고기 현미 퍼피 포뮬라 S,"16,000원","급여대상 : 퍼피|주원료 : 닭, 과일/야채, 생선/해산물, 쌀|등급 : 그레인프리|기능 : 냄새제거, 영양공급, 뼈/관절강화, 피부/털개선, 저알러지, 종합비타민, 소화/장기능개선|",https://cr.shopping.naver.com/adcr.nhn?x=AVb2N7As0sVNAsbkYicbf%2F%2F%2F%2Fw%3D%3Dsk4%2FKUx7MDPGHKlhZ1ZZoRFXUg9Kzu%2BQjC5XyImWb%2FXtlGdNXJVGMma6fxPhl2bEj4HHc6GIMw10pamzMZmF4Y%2BxCHbxlcyI2gZUuYaw3vEnDpmNu2Rs3tEPrV0ZTODsb7JQtrMqSgEftbsAH7BzOjnE6cc%2FZW3zX4BQEKUqQ%2FK3pVdZrYhbBr%2FXKCRCJRtbc28cJDv26QXNPmDq9F7KrS99%2BKy%2Fm0d%2BgYWHtEf61Jo5CNclKwvLyA%2Fys%2F%2FHPPajLeacLfX35nsZl0ZGAht0O3qiWbaU6chX8GzwGhBdl9NkQfJpFrUd2%2Frs%2FOfouiYK%2FmOYOJ5vhk8FNAfP%2FAT3X6UQGEuRhIu3TOMdZ43DYEjEefTk2FBNr4S6vHMsERX4eEIZJB1yuP5kkcuYnGBP9u%2F4Q8ol2fOiaPmREOuAVetmmtp17WbstPLx2YdKJc9ZsOiSHso0SSRvAEEo5QU4QSqRyw0Ca5cxpA%2B%2FiiiMj7PTxiv4002PIOJUGIuV2jOUQIjbxAMh%2B10%2BjmxnveZkXVMClnnvaFXaeaXVIMjf58ryPY1hMZboeK%2F3UTev7Sje8hJJ7GhccldR7GFoF57JGMxP%2FETQV%2FSEykmVmaE91EJ27YyIWsnNv1cgK9jNUutzRoWGf4SP5DfOI3upP%2Fm38l1W1%2FmzvXhOZ0EYGN1ShwnZ4fElLgTDN6k558bNLOrnUPm2V2WLj0oLfvtXSAq9jPg1QmAmnoJRdq4K9btjkCM0%3D&nvMid=27533000529&catId=50006631
내추럴발란스 오리지날 울트라 닭 보리 포뮬라 강아지 사료,"27,500원","급여대상 : 전연령|주원료 : 닭, 곡물, 과일/야채, 기타|기능 : 영양공급, 뼈/관절강화, 피부/털개선, 다이어트/중성화, 면역력강화, 종합비타민, 소화/장기능개선, 식욕증진(기호성), 심장건강, 두뇌발달,",https://cr.shopping.naver.com/adcr.nhn?x=QVwPZuucDGqCST7RTEod2P%2F%2F%2Fw%3D%3DsMYZYVGP7m5PpuWvg9ItIQWvwnANE%2FpvQh%2BW53C9cyWaEnHjmePWYmLXPM2%2BiQxIFSD1tlBxtRW7g0%2F1ShnsJmBNJOHa%2FJawJg2%2FDJ%2Bws2dWAbCY81f975eS5nfR25FBiI1ODi9hUm3Sq0pLB9du%2BPqn5j8KKsENC2TSJXMQM0zdmVGkk0zsjRHUbyO0Mq2CGgENFG6%2FNoRlm4jnmc8IXNMv%2BjB2erv%2BZ%2Brrs5VHOiTQgGE7%2BZatKjf5hEf1XctkKE3YIeWJRFsSJHJmJxTVkupdNmlFi%2FBgeuY7C%2BBLsfY4TSSdaAcEDBljsWm2U0MV1UT1vDLjPtC3mYeiMRbVeWXbG7nSYP5a0LarFdYtPrhbbLWo5y0EVpxpTjpbff6SoB7P9jx5KZr1oy9qstZx7m4nrqsPDEQeSj1ZN68dxDj6WJsSSNraChc5UgIGvg6hrSo0adg%2FaZAYXCXaj0Al5Ex7zy%2BQH31hiepES9Gz3eT1pqTJRSeSjrF2IXQeeSelBC0r%2BUmM4rOUlXYgQF%2BmvERLwtbWt2lTuKPBGoLF90ydhiuU58NlFQwXGGwQUMbkNrVqEYbiBZAorDDbB5TkeGbjQzBlVZeD8QDvbD%2FjrOyWdgq0V7DHm5vs8%2B%2BKrNy8jNKpVsqiJVynbo0%2F3kDXUONnCLvZkoHd601UF2pCyAHB5Io6FPgLaz7p5TcIaRl2dSFTR%2FjKb6hfSKoJvJ0hcVzBvquh9wWwWtJX5HSDVtC9B0CIl3BeKsFF2drF%2B%2BsFv&nvMid=28779233734&catId=50006631
내추럴발란스 브이알에스 톤 체중관리 처방식,"7,000원","급여대상 : 어덜트, 시니어|주원료 : 돼지, 과일/야채|기능 : 다이어트/중성화, 처방식, 종합비타민|입자크기 : 보통 8~13mm|단단한 정도 : 하드",https://cr.shopping.naver.com/adcr.nhn?x=DRj330Tdj1hLKFMznK4Fsf%2F%2F%2Fw%3D%3DsWn7h9NLI1eh3qhhXTnCob0WqeyOyyx8nqyaR8oa4fZuEnHjmePWYmLXPM2%2BiQxIFJ7durxNG7V1xWUPYewB%2BRr7MUJVVu%2FvWsuc4kYGtkw2AbCY81f975eS5nfR25FBiI1ODi9hUm3Sq0pLB9du%2BPqn5j8KKsENC2TSJXMQM0zdmVGkk0zsjRHUbyO0Mq2CGgENFG6%2FNoRlm4jnmc8IXNMv%2BjB2erv%2BZ%2Brrs5VHOiTQgGE7%2BZatKjf5hEf1XctkKoO83oFHCzNiM67xOepvYpZdNmlFi%2FBgeuY7C%2BBLsfY4TSSdaAcEDBljsWm2U0MV1UT1vDLjPtC3mYeiMRbVeWXbG7nSYP5a0LarFdYtPrhbbLWo5y0EVpxpTjpbff6SoB7P9jx5KZr1oy9qstZx7mxF6voTK46nLKsahQ96WByQSpWhh9%2FdcLAwQdmXm9yauSo0adg%2FaZAYXCXaj0Al5E5LrNcK8HwbBNT%2Bi9AOedT9iuPI9DQ6ow97oa93Nx0qqC0r%2BUmM4rOUlXYgQF%2BmvEXK%2FI6Kg7adQOUMT4hyCNK4zW252HfKfcjmbHlOxF%2Bg5w9ijKV5Dk%2BM0JVTCwPReqhP%2FETQV%2FSEykmVmaE91EJ2FBTGz6zFkNzlEfgMgODwL71tqtWQablf%2F77SlIExh5yY%2FNOt%2FqMi5Vx9r73jPsXOVaNx1uFcOquKI6BGLkvWpb1NmOoRBMBsXNQGXzjfbC%2BFUQB%2FrDAzm2q1KHRsHkfE%3D&nvMid=31133886618&catId=50006631
내추럴발란스 브이알에스 리스토어 신장 처방식사료,"6,800원","급여대상 : 어덜트, 시니어, 대형견|주원료 : 닭, 과일/야채, 생선/해산물|등급 : 그레인프리|기능 : 처방식, 종합비타민, 신장/요로, 체중유지|입자크기 : 보통 8~13mm|단단한 정도 : 하드",https://cr.shopping.naver.com/adcr.nhn?x=Tt48FyZETNIFl02D19FPe%2F%2F%2F%2Fw%3D%3DsDBnaysBBY%2F40TJIU3M9pzwTenxkrobha1zuzuxdndUBlGdNXJVGMma6fxPhl2bEjwmZvp94Z1xHe8zu4pLiPOG68nNG4RL%2FTbXc7j8r0wV3DpmNu2Rs3tEPrV0ZTODsb7JQtrMqSgEftbsAH7BzOjnE6cc%2FZW3zX4BQEKUqQ%2FK3pVdZrYhbBr%2FXKCRCJRtbc28cJDv26QXNPmDq9F7KrS99%2BKy%2Fm0d%2BgYWHtEf61Jo5CNclKwvLyA%2Fys%2F%2FHPPajLCs28jefG0a3Tsq8qv2RWkqiWbaU6chX8GzwGhBdl9NkQfJpFrUd2%2Frs%2FOfouiYK%2FmOYOJ5vhk8FNAfP%2FAT3X6UQGEuRhIu3TOMdZ43DYEjEefTk2FBNr4S6vHMsERX4eEIZJB1yuP5kkcuYnGBP9uwVt%2Bq%2BEGbIURH4Pt76u0TaNkhISFQMSYvUNpM%2Bs5600OiSHso0SSRvAEEo5QU4QStRkkdVjOyB1Wn7e18SDA%2BVhnbve0irfrqUH0%2BqPSnjOIjbxAMh%2B10%2BjmxnveZkXVF6daBPpr2GE%2BifexWl60nkUI%2BoJCVPBV3PHtsNhks0flHkagcBgnUtdcNJI1QX05zQbva79xoDqOKejZ4BtIu%2Bg2PffaoxRDGh5cpuboyRtjM7Kd0%2BZqsKADzMzXL4wFogN%2F1NgM4LgvOAJ6Euy6vmL0El9VSFovK%2BFtDDxtgBuh%2BY%2B8dy54%2BLk3Fh9Jer9Z%2BR79U%2F6Az3gE9mQ%2Flgn57E%3D&nvMid=31133311625&catId=50006631
내추럴발란스 브이알에스 다이제스트 소화 위장건강 처방식사료,"7,000원","급여대상 : 퍼피, 어덜트, 시니어, 대형견|주원료 : 닭, 과일/야채|등급 : 그레인프리|기능 : 처방식, 종합비타민, 소화/장기능개선|입자크기 : 보통 8~13mm|단단한 정도 : 하드",https://cr.shopping.naver.com/adcr.nhn?x=TQo32I65jQuCHMv7tUmo7f%2F%2F%2Fw%3D%3DsQmxeNQinquddrsAhv%2BkZyWiG6sQpJV%2ByT%2BLXrLtnMVAoD1VJ3M%2FrQZgbsN2n%2BGF64RARD7QLBZqHdW%2B%2FUGAecqMk3XQ34ZSUF2AfIt6Dw%2B1D4P%2Bj2CVvS6QkrpszyaIo6sGkobrHOLjdQ9PfNparAGAyTnByqhfp%2Fmyl9nUIoIEcSNz4CyWKH08w3jeirs%2BAfo70sm66a4zv7NI0pl51g4ZnlrSZr8PDPdBCvs8uWtdeJxHcKH4rYUhc5SxvGs%2FQjCxyQeMHnoPnoN4pJnlghKjdy8qO%2FVNabEgqYJCNq1ZTr3BcYiUeVkDnn43ddm7l9NlBzrc2zEiDK7K5EbEOlrFUCcEWKq1FE2sRaSdgVmrrwf43UHIy38HEUEYyL8jzpOr9sPYwajBkeE07IGGkJ5SCPsmGKllbt0kl8XIxCXSDXzO3mj5zwVFfwtbw0kcIai83EVbMDvzV06wNeZeBjXzhT0h8%2B68DwOTEvnZArBdE6q%2FnLZSSD8%2FiRAC37RUlnD38MxfZLVnMXa3E7TvClENR63gstM09hDeR4nsJOU%2FJyXoc5uHYny0Bz4zdIB8XmR1fVpGxmSJjJQ3aNWzZmoDqWZP38ClsUXjxgedtyHt0IwSrd4IoubrtaE%2F7gLo77%2Fbs1I%2FWObPRo9bmYSBy7AzUuXISZzhfnKGl7ApZKKBPwCXFJiRdosf3os3K%2FWn1SLRL30Ul1%2FOcJd0E0Pm%2BpK4%2BMfiXT0KzFouUeJUMxkNvU2Y6hEEwGxc1AZfON9sL4VRAH%2BsMDObarUodGweR8Q%3D%3D&nvMid=31133474618&catId=50006631
내추럴발란스 LID 닭 현미 퍼피 포뮬라,"16,000원","급여대상 : 퍼피|중량 : 10.88kg|등급 : 홀리스틱(1등급)|기능 : 영양공급, 뼈/관절강화, 피부/털개선, 면역력강화, 소화/장기능개선, 식욕증진(기호성), 두뇌발달|입자크기 : 작은 8mm 미만",https://cr.shopping.naver.com/adcr.nhn?x=t1MqGIC0SGCqjeWzRCQeJP%2F%2F%2Fw%3D%3DsFP5FOc4FpwqAPhcEb8gePIHlprIvSSmVOWC22vy0jEBlGdNXJVGMma6fxPhl2bEj%2FBAxgvCJpjhci9pdVaqPuC%2B%2FYQ7OIdq8%2BFvOULA5CmLDpmNu2Rs3tEPrV0ZTODsb7JQtrMqSgEftbsAH7BzOjnE6cc%2FZW3zX4BQEKUqQ%2FK3pVdZrYhbBr%2FXKCRCJRtbc28cJDv26QXNPmDq9F7KrS99%2BKy%2Fm0d%2BgYWHtEf61Jo5CNclKwvLyA%2Fys%2F%2FHPPajLOSgN6dpO1%2F05RnOB83PIFKiWbaU6chX8GzwGhBdl9NkQfJpFrUd2%2Frs%2FOfouiYK%2FmOYOJ5vhk8FNAfP%2FAT3X6UQGEuRhIu3TOMdZ43DYEjEefTk2FBNr4S6vHMsERX4eEIZJB1yuP5kkcuYnGBP9uwVt%2Bq%2BEGbIURH4Pt76u0TbtyJrE7bn6Y28rxk%2FnlzlbOiSHso0SSRvAEEo5QU4QSoVOe8Gg7auH%2BHSqJIoOrRAH%2BWSmBT8tHlUUZJinNH%2F5IjbxAMh%2B10%2BjmxnveZkXVDtoBRKzvSIcGd7ymmoqWkvemprLYz%2FLjfxKsbZUOaSsV%2Ffgutwvg0fLlYniPZBKy4jyzQUAApwWeOigw%2BnJhYVfG%2BIGunUG6u8%2FO9r9treMEs8cFUTVf2EXpmSuc9bAhPSI1QblA2eFoYTZ1LsQgR8PgbTXCRVQk2KAt69u1W4XzY6of2Xpggjm6A4Z8HgJhg%3D%3D&nvMid=22174383032&catId=50006631
내추럴발란스 그레인프리 닭고기 참치 호박 그린빈 브로스 강아지 수제 컵캔,"3,000원","급여대상 : 어덜트|주원료 : 닭, 과일/야채, 참치|등급 : 그레인프리|기능 : 영양공급, 뼈/관절강화, 피부/털개선, 저알러지, 면역력강화, 눈물개선/눈건강, 보습, 소화/장기능개선, 식욕증진(기호성),",https://cr.shopping.naver.com/adcr.nhn?x=DDdBSARFSi5BoGxzSQBS1P%2F%2F%2Fw%3D%3Ds0tZAo7HMdWQAc0zReroF39FJeHYJGitn9HowSRLQALIoD1VJ3M%2FrQZgbsN2n%2BGF6qFy%2B62a%2Frps5Y9W%2BRxcMiCDKOny7dBCC6ryPHHPbBTZD4P%2Bj2CVvS6QkrpszyaIo6sGkobrHOLjdQ9PfNparAGAyTnByqhfp%2Fmyl9nUIoIEcSNz4CyWKH08w3jeirs%2BAfo70sm66a4zv7NI0pl51g4ZnlrSZr8PDPdBCvs8uWtdeJxHcKH4rYUhc5SxvGs%2FQge17%2BCQkk%2Bo55AwrqsRN%2Bqjdy8qO%2FVNabEgqYJCNq1ZTr3BcYiUeVkDnn43ddm7l9NlBzrc2zEiDK7K5EbEOlrFUCcEWKq1FE2sRaSdgVmrrwf43UHIy38HEUEYyL8jzpOr9sPYwajBkeE07IGGkJ5SCPsmGKllbt0kl8XIxCXRRSRnJk%2BltREg1rBvi6yJCai83EVbMDvzV06wNeZeBjbbOynFLlY40lw%2FWxueZtq3utCeY7XpSB0KqtQBB7FginD38MxfZLVnMXa3E7TvClKdOOX5idX%2BIhnfYDxKY125EHT%2BjAhj%2FJ%2BgBh%2BilSH3mFBb4JIdFqPMFfY3P%2BkLW9vMDkahuaXWTzBnp7y9RywUoxTZxqPiKYyJw6MoUcpyouicGrriGe1TRKEWKAe3dxLoQEhk21HGG4OQfzfnmIyCY6dnKqX7JVGcIJ2Ss3qfAT8AlxSYkXaLH96LNyv1p9VFdI4Y8G8WVSVatUD4H5CzdaQJilwlHTydpW%2B7Wj3p3b1NmOoRBMBsXNQGXzjfbC%2BFUQB%2FrDAzm2q1KHRsHkfE%3D&nvMid=23839728522&catId=50006634
